keyword;page;sku_name;price;sold;gmv_estimation
Rockbros;1;MANSET TANGAN SEPEDA PRIA & WANITA ROCKBROS XT-9002 ARM SLEEVE;18050;250;4512500
Rockbros;1;ROCKBROS LF8464 Masker Balaclava Slayer Motor Sepeda Cycling Face Mask - Light Grey;53900;100;5390000
Rockbros;1;Rockbros YQ-ZJQD400LM Lampu Depan Sepeda Barfly 400 Lumen Rechargeable;119000;100;11900000
Rockbros;1;Masker Sepeda Rockbros LF8464 Balaclava Cycling Face Mask;54000;500;27000000
Rockbros;1;Bel Sepeda Rockbros Original Klakson Cycling Horn;51000;13;663000
Rockbros;1;ROCKBROS LF8065 Masker Balaclava Sepeda Slayer Motor Face Mask Scarf B;36800;7000;257600000
Rockbros;1;ROCKBROS DCBT68 Botol Minum Sepeda Olahraga Bidon 600ml Water Bottle;37500;2000;75000000
Rockbros;1;ROCKBROS S202 Sarung Tangan Sepeda Non Padding Half Finger Gloves;55900;250;13975000
Rockbros;1;ROCKBROS S196 Sarung Tangan Sepeda Bike Gloves Half finger;97400;100;9740000
Rockbros;1;ROCKBROS 32420515001 Kunci Gembok Sepeda Bike Bicycle Lock Ring 95CM;57000;250;14250000
Rockbros;1;Pompa Injak Angin Ban Sepeda Motor Rockbros Portable Presta Schrader;52000;500;26000000
Rockbros;1;ROCKBROS LF8112 Long Masker Balaclava Slayer Motor Sepeda Anti UV;45900;1000;45900000
Rockbros;1;Topi Sepeda Rockbros Anti UV Cycling Cap;62000;13;806000
Rockbros;1;ROCKBROS 699 Holder Handphone Tempat HP Sepeda Adjustable Mounting;69999;500;34999500
Rockbros;1;ROCKBROS LF8065 Masker Balaclava Sepeda Slayer Motor Face Mask Scarf B - Black;36800;7000;257600000
Rockbros;1;ROCKBROS 40210003 Handgrip Sepeda Tutup Setang Bicycle Grips Leather;55000;250;13750000
Rockbros;1;ROCKBROS DNB-1001 Spakbor Sepeda Telescopic Bike Bicycle Fender;78000;250;19500000
Rockbros;1;ROCKBROS WB002 Masker Sport Sepeda - Face Mask Scarf Bandana Ice;41200;250;10300000
Rockbros;1;ROCKBROS S099 Sarung Tangan Sepeda Bike Half Finger Gloves;46000;500;23000000
Rockbros;1;ROCKBROS ZPWD-1 Lampu Belakang Sepeda Bike Clip Light Mini Lamp;18500;250;4625000
Rockbros;1;ROCKBROS RKS515 Kunci Gembok Sepeda Bicycle Lock Ring with Bracket;39700;4000;158800000
Rockbros;1;ROCKBROS XT9002 Manset Tangan Sepeda Cycling Arm Sleeve Pria Wanita;11600;10000;116000000
Rockbros;1;ROCKBROS PT-6005 Bike Tail Light - Lampu Belakang Seatpost Sepeda;37500;3000;112500000
Rockbros;1;ROCKBROS T512 T609 Kunci Gembok Sepeda Bicycle Lock Passcode 4 Angka;35500;1000;35500000
Rockbros;1;ROCKBROS Arm Sleeve Sunscreen Protection Manset Pelindung Sinar UV SPF;25000;1000;25000000
Rockbros;1;Tempat Botol Minum Sepeda Bottle Cage Rockbros Holder Sport Lipat Mtb - Merah;22900;500;11450000
Rockbros;1;ROCKBROS RKS515 Kunci Gembok Sepeda Bicycle Lock Ring with Bracket - Red;39700;4000;158800000
Rockbros;1;ROCKBROS DCBT69 Botol Minum Sepeda Olahraga 750ml - Water Drink Bottle;43900;250;10975000
Rockbros;1;ROCKBROS GJ1601 Kunci Sepeda 16In1 Bike Tool Kit Toolset Multifungsi;25500;2000;51000000
Rockbros;1;Rockbros PF1 Pompa Fork Angin Sepeda Air Shock 300 PSI Alloy Hitam;229000;250;57250000
Rockbros;1;ROCKBROS LF8112 Long Masker Balaclava Slayer Motor Sepeda Anti UV;45900;1000;45900000
Rockbros;1;ROCKBROS S291-1 Sarung Tangan Sepeda Anti UV Bike Glove Full Finger;91000;500;45500000
Rockbros;1;ROCKBROS WB-001B - Masker Wajah Sepeda Anti UV Scarf Slayer - 2 warna;35100;1000;35100000
Rockbros;1;ROCKBROS 699 Holder Handphone Tempat HP Sepeda Adjustable Mounting;69999;500;34999500
Rockbros;1;ROCKBROS DCBT69 Botol Minum Sepeda Olahraga 750ml - Water Drink Bottle;39400;3000;118200000
Rockbros;1;ROCKBROS 2011-7A Standar Sepeda Samping Bicycle Kick Stand Adjustable;40900;1000;40900000
Rockbros;1;ROCKBROS S202-1 Sarung Tangan Sepeda Anti UV Bike Gloves Full Finger;62500;250;15625000
Rockbros;1;ROCKBROS PVC001 Pegangan Botol Minum Sepeda Bottle Cage Botol Holder;11200;2000;22400000
Rockbros;1;ROCKBROS GJ1601 Kunci Sepeda 16In1 Bike Tool Kit Toolset Multifungsi;25500;2000;51000000
Rockbros;1;ROCKBROS S106 Sarung Tangan Sepeda Bike Glove Half Finger Pria Wanita;56000;2000;112000000
Rockbros;1;Rockbros Pump 380G 160 PSI Pompa sepeda;115000;1000;115000000
Rockbros;1;ROCKBROS 42320001 Pompa Sepeda CO2 Inflator Bicycle Mini Pump 110Psi;238000;0;0
Rockbros;1;ROCKBROS GJ1601 Multifunction Bicycle Repair Tools Kit Toolset Sepeda;27000;1000;27000000
Rockbros;1;ROCKBROS S260 Sarung Tangan Sepeda Sports Cycling Gloves Half Finger;96000;90;8640000
Rockbros;1;Holder Tempat Botol Minum Sepeda Rockbros 2009-14C Bottle cage holder;29500;60;1770000
Rockbros;1;ROCKBROS S299 Sarung Tangan Sepeda Bike Glove Full Finger Cycling;140000;50;7000000
Rockbros;1;Rockbros BC18 Speedometer Sepeda Wireless Odometer Waterproof;149000;250;37250000
Rockbros;1;ROCKBROS BTCR Grip Setang Sepeda-Bike Handgrip PP Wrapped Ring Lock;52999;750;39749250
Rockbros;1;ROCKBROS RKS507 Kunci Gembok Sepeda Anti-theft Bicycle Lock 120cm;75000;250;18750000
Rockbros;1;ROCKBROS LF8111 Long Face Mask Masker Wajah Sepeda Anti UV Balaclava;45500;100;4550000
Rockbros;1;ROCKBROS DCBT69 New Botol Minum Sepeda Olahraga 750ml Water Bottle;41000;500;20500000
Rockbros;1;ROCKBROS LF7345 Masker Balaclava Winter Sport Motor Bike Mask Fleece;79000;100;7900000
Rockbros;1;Rockbros Mount Lampu Barfly Mounting Garmin Cateye Bryton GoPro Holder;88000;500;44000000
Rockbros;1;Rockbros Botol Minum Sepeda Olahraga BPA Free Cycling Bottle;39800;750;29850000
Rockbros;1;Rockbros Gembok Kunci Sepeda Bike Lock Anti Lecet 3230;65000;250;16250000
Rockbros;1;ROCKBROS S221 Gloves Sarung Tangan Sepeda Semua Ukuran - Hitam;105700;1000;105700000
Rockbros;1;Rockbros WR05 Lampu Belakang Sepeda Brake Sensor Light USB Waterproof;99275;250;24818750
Rockbros;1;ROCKBROS WB001 Masker Wajah Sepeda Anti UV Face Mask Scarf;35100;500;17550000
Rockbros;1;ROCKBROS LF8065 Masker Balaclava Slayer Motor Sepeda Face Mask;38500;1000;38500000
Rockbros;1;ROCKBROS RKS507 Bike Lock Ring 120cm - Kunci Gembok Sepeda - BLACK;70000;100;7000000
Rockbros;1;ROCKBROS RHL 1000 Lampu Depan Senter Sepeda Bicycle Front Light 1000LM;239000;250;59750000
Rockbros;1;ROCKBROS LDRK1001 Bel Sepeda Bicycle Bell Klakson Sepeda MTB Seli;26000;750;19500000
Rockbros;1;ROCKBROS JC1005BK Standar Sepeda Samping Telescopic Kick Stand;67500;750;50625000
Rockbros;1;ROCKBROS RKS515 Kunci Gembok Sepeda-Bike Bicycle Lock Ring 110CM;41000;4000;164000000
Rockbros;1;ROCKBROS GJ1601 16 In 1 Bike Tool Kit - Toolset Alat Kunci Sepeda;23800;2000;47600000
Rockbros;1;ROCKBROS S202 Half Finger Gloves Sarung Tangan Sepeda Elastic Black;55600;2000;111200000
Rockbros;1;ROCKBROS ZK-013 Helm Sepeda + LED Lampu Belakang Bicycle Helmet MTB RB;293900;500;146950000
Rockbros;1;ROCKBROS Q5 Lampu Belakang Sepeda Smart Brake Light Sensor;166000;1000;166000000
Rockbros;1;LAMPU DEPAN SEPEDA 400 LUMENS ROCKBROS USB RECHARGEABLE;112900;13;1467700
Rockbros;1;ROCKBROS AQ-6090 Sadel Jok Sepeda Empuk Soft Bicycle Saddle Cushion;125000;250;31250000
Rockbros;1;ROCKBROS 2022-1B Bel Sepeda Retro Bicycle Chopper Bell Stainless Horn;62300;100;6230000
Rockbros;1;ROCKBROS AS-019 Small Tas Sepeda Cycling Bike Bicycle Top Front Tube;124000;80;9920000
Rockbros;1;ROCKBROS 34210006001 C Shaped Concealed Bel Sepeda Horn Alloy Bell;58500;90;5265000
Rockbros;1;ROCKBROS GMBT1001 Handgrip Setang Sepeda Silicone Bike Handlebar Grip;15500;500;7750000
Rockbros;1;Rockbros Holder Bottle Cage Bracket Adaptor Tempat Botol Minum Sepeda;39500;100;3950000
Rockbros;1;ROCKBROS BT1007 HandGrip Setang Sepeda Grips Bike dengan Handle Tanduk;84900;750;63675000
Rockbros;1;ROCKBROS Q5 Lampu Belakang Sepeda Sensor Rem Bike Taillight SmartBrake;163900;500;81950000
Rockbros;1;ROCKBROS WB001 Masker Sepeda Anti UV Cycling Face Mask Scarf;35500;2000;71000000
Rockbros;1;ROCKBROS FYZJ Phone Holder Bag Sepeda Motor Bike Waterproof Touchscren;88999;80;7119920
Rockbros;1;ROCKBROS GJ2001 Alat Tambal Ban Sepeda Portable Repair Tire Kit;16800;250;4200000
Rockbros;1;ROCKBROS RHL3000 Lampu Sepeda Light Lamp Bicycle 3000 Lumen Powerbank;549000;12;6588000
Rockbros;1;ROCKBROS FK810 Spakbor Sepeda MTB Depan Belakang Retractable Fender;119000;40;4760000
Rockbros;1;ROCKBROS GJ2001 Alat Tambal Ban Sepeda Portable Repair Tire Kit;16800;250;4200000
Rockbros;1;Holder Tempat Botol Minum Sepeda Rockbros 2016-11 Cage Bike;30000;100;3000000
Rockbros;1;Kacamata Gowes Rockbros 10134BL Navy Kaca Mata Sepeda Photocromic Lari;123200;3;369600
Rockbros;1;ROCKBROS GJ1601 16 in 1 Bike Tools Kit Tool Set Alat Kunci Sepeda;26000;750;19500000
Matoa;1;buah matoa papua fresh / buah fresh matoa superan - 1 KG;60000;5;300000
Matoa;1;Buah Matoa Papua 3Rasa Duren+Rambutan+Klengkeng Harga Grosir 500gr - 500gr;25425;500;12712500
Matoa;1;Buah Matoa dari Papua 3rasa Duren-Klengkeng-Rambutan Murah Fresh 250gr;13255;2000;26510000
Matoa;1;bibit tanaman buah Matoa okulasi;40000;16;640000
Matoa;1;Buah Matoa Papua 3Rasa Duren+Rambutan+Klengkeng Harga Grosir 250gr;12715;250;3178750
Matoa;1;BUAH MATOA FRESH RASA DURIAN;27500;750;20625000
Matoa;1;buah matoa 1 kg manis - MATOA;32000;250;8000000
Matoa;1;Buah Matoa Papua 3Rasa Duren+Rambutan+Klengkeng Harga Grosir 500gr;25425;500;12712500
Matoa;1;Buah Matoa Papua Segar Manis Fresh;15000;100;1500000
Matoa;1;buah matoa 1 kg murah;48000;3000;144000000
Matoa;1;Pupuk organik booster matoa agar cepat berbuah lebat subur;14500;20;290000
Matoa;1;buah pear hijau packham 1kg;65000;80;5200000
Matoa;1;Pupuk Matoa Booster, Pupuk Organik Tanaman Buah, Penyubur Bibit Buah;35000;14;490000
Matoa;1;buah pear fresh 1 kg;50000;70;3500000
Matoa;1;BIBIT BUAH MATOA ATAU KELENGKENG IRIAN unggul;55000;5;275000
Matoa;1;Buah Matoa segar terlaris termurah / matoa;16000;40;640000
Matoa;1;Buah Matoa Fresh 500 Gram;33300;100;3330000
Matoa;1;Bibit Tanaman Matoa Super Unggul Cepat Berbuah Buah Matoa;8500;250;2125000
Matoa;1;Buah Matoa 3 Rasa Dalam Satu Gigitan;52000;100;5200000
Matoa;1;Buah Matoa Fresh;50000;100;5000000
Matoa;1;Buah Matoa Segar 1 Pack Buah Asli Papua Buah Berkhasiat;13500;250;3375000
Matoa;1;Buah Matoa dari Papua 3rasa Duren-Klengkeng-Rambutan Murah Fresh 250gr;13255;2000;26510000
Matoa;1;Buah Matoa 1kg;55000;70;3850000
Matoa;1;Buah Matoa fresh 1kg / buah matoa manis;65000;9;585000
Matoa;1;buah matoa Papua / rambutan Papua / matoa manis qualitas;16000;0;0
Matoa;1;buah kiwi hijau ( 500 gram);55000;70;3850000
Matoa;1;BIBIT BUAH MATOA ATAU BUAH KELENGKENG IRIAN UNGGUL;50000;2;100000
Matoa;1;nanas madu ( perbuah);20000;250;5000000
Matoa;1;KING FRUIT Durian Super Montong Premium Durian 500 gram;115000;3000;345000000
Matoa;1;Durian Medan Kupas Beku Frozen 500 gr;23000;0;0
Matoa;1;Matoa pati si buah 3 rasa;45000;0;0
Matoa;1;Buah Matoa Khas Papua 500gr;40000;90;3600000
Matoa;1;buah matoa super manis dan banyak air/buah langka/kg;119500;8;956000
Matoa;1;TERLARISSS 4 KG BUAH MATOA MANIS UNIK RASA UNIK;65000;100;6500000
Matoa;1;Buah Matoa Papua 3Rasa Duren+Rambutan+Klengkeng Harga Grosir 250gr;12715;250;3178750
Matoa;1;Bibit Matoa Unggul;5000;100;500000
Matoa;1;Matoa;32500;100;3250000
Matoa;1;Rezeki Fresh Market Matoa [0.5-0.7 kg/1 pack];59800;40;2392000
Matoa;1;Bibit Tanaman Matoa cepat berbuah;9000;750;6750000
Matoa;1;Bibit Tanaman Buah Matoa Hasil Cangkok;35000;100;3500000
Matoa;1;Buah Matoa dari Papua 3rasa Duren-Klengkeng-Rambutan Murah Fresh 250gr;13255;2000;26510000
Matoa;1;bibit durian kanjau unik dan unggul;15000;14;210000
Matoa;1;buah murah lengkap;177000;11;1947000
Matoa;1;bibit durian monthong super;15000;30;450000
Matoa;1;buah segar full komplit;299000;0;0
Matoa;1;BUY 1 GET 1 King Fruit Durian Premium Super Montong Duren;230000;1000;230000000
Matoa;1;Buah Matoa;18000;100;1800000
Matoa;1;buah matoa khas papua 500grm;55500;22;1221000
Matoa;1;buah matoa 1 kg;30000;9;270000
Matoa;1;TERLARISSS 2 KG BUAH MATOA ASLI PAPUA SUPER PILIHAN;65000;80;5200000
Matoa;1;Bibit Tanaman Buah Matoa Unggul HASIL Cangkok/Sambung;32000;50;1600000
Matoa;1;BUAH MATOA FRESH 1 KG;76500;50;3825000
Matoa;1;buah matoa;55000;100;5500000
Matoa;1;buah matoa;60000;250;15000000
Matoa;1;bibit matoa super unggul jumbo;7500;12;90000
Matoa;1;Paket 4 Pohon Matoa Papua Cangkok-Bibit Tanaman Buah Matoa Papua Asli;75000;23;1725000
Matoa;1;buah matoa 1kg;55000;250;13750000
Matoa;1;buah matoa manis terlaris;16000;0;0
Matoa;1;buah matoa fresh 1 kg;5000000;6;30000000
Matoa;1;MATOA BUAH MATOA;15900;40;636000
Matoa;1;BUAH MATOA PREMIUM 1 KG GRADE A;94997;250;23749250
Matoa;1;Buah Matoa Papua;53000;13;689000
Matoa;1;Buah Matoa / 500gram - 1kg / Fresh;41000;30;1230000
Matoa;1;bibit pohon matoa(2meter )siap berbuah;387000;2;774000
Matoa;1;buah matoa manis buah langka dari papua per 1 pack;40000;12;480000
Matoa;1;Buah Matoa Asli Papua 1 kg;99900;6;599400
Matoa;1;bibit tanaman buah matoa cangkok/ biji cepat berbuah;35000;23;805000
Matoa;1;buah matoa 1 kg;65000;100;6500000
Matoa;1;Bibit Matoa Merah Unggul;10000;11;110000
Matoa;1;BUAH MATOA FRESH MANIS PER 1KG;110000;26;2860000
Matoa;1;tanaman buah matoa cepat berbuah;95000;18;1710000
Matoa;1;Buah matoa 1kg manis / buah matoa Papua 3 rasa;30000;6;180000
Matoa;1;buah matoa 500gram|buah papua|nuri fruits|buah segar bandung|buah band;42000;100;4200000
Matoa;1;buah matoa manis fresh/1kg;95000;19;1805000
Matoa;1;buah matoa manis premium fresh 1 kg;75000;17;1275000
Matoa;1;bibit pohon matoa tinggi (1m);40000;19;760000
Matoa;1;buah matoa segar;25000;50;1250000
Matoa;1;Buah matoa super fresh/pack;96500;6;579000
Matoa;1;Matoa 500 gram / pack Buah Segari;42300;14;592200
Matoa;1;Buah Matoa 3 rasa;48000;50;2400000
Matoa;1;buah matoa , buah papua manis fresh 250 gram;17000;100;1700000
Matoa;1;bibit durian monthong;12000;90;1080000
Matoa;1;TERMURAH - KING FRUIT Durian Super Montong Premium Durian 500 gram;115000;1000;115000000
Matoa;1;DURIAN PAPI MONTHONG CREAMY;138000;100;13800000
Matoa;1;Durian Lokal Frozen;78000;0;0
Matoa;1;bibit buah durian musangking unggul;70000;16;1120000
Matoa;2;mangga lily box 5kg matang pohon murah;649950;40;25998000
Matoa;2;Bibit Tanaman Buah Apel Ana Manalagi Malang Segar;43000;23;989000
Matoa;2;GROSIR.! ( 10kg ) MANGGA HARUM MANIS BESAR / MATANG POHON / BUAH SEGAR;450000;30;13500000
Matoa;2;mangga lily masak pohon 1 kg;135000;40;5400000
Matoa;2;Bibit jeruk keprok batu 55;17000;500;8500000
Matoa;2;Buah Matoa 1kg;89000;21;1869000
Matoa;2;cangkok matoa;175000;40;7000000
Matoa;2;buah matoa Papua / matoa 500gr;80000;21;1680000
Matoa;2;Buah Matoa POMETIA PINNATA papua 3 macam rasa jadi 1 murah 250gr;12995;100;1299500
Matoa;2;BUAH MATOA 1KG;10000000;15;150000000
Matoa;2;buah matoa 1 kg manis - MATOA;32000;250;8000000
Matoa;2;Bibit buah petai pete hasil okulasi;32000;0;0
Matoa;2;Bibit Alpukat mentega jumbo;17000;1000;17000000
Matoa;2;Bibit Jeruk Keprok Batu 55 kondisi berbuah Bisa COD;19751;12;237012
Matoa;2;Bibit jambu air madu deli hijau MDH super genjah;17000;500;8500000
Matoa;2;BIBIT BUAH ALPUKAT MENTEGA WINA SUPER;95000;30;2850000
Matoa;2;Matoa Papua;29000;14;406000
Matoa;2;Promo Buah Matoa papua manis 1 kg;89000;16;1424000
Matoa;2;Buah Matoa;64000;6;384000
Matoa;2;BUAH MATOA PAPUA 500GR;33000;0;0
Matoa;2;Matoa Super;38000;12;456000
Matoa;2;Matoa 1kg;42000;100;4200000
Matoa;2;Bibit Matoa Super Hasil Cangkok Tinggi 2 Meter Cepat Berbuah;400000;0;0
Matoa;2;Buah Matoa 1 Kg;115900;16;1854400
Matoa;2;buah matoa 1 kg;55000;1000;55000000
Matoa;2;Buah Matoa Super 0.5 kg /pack;35000;7;245000
Matoa;2;Bibit Jambu Air Madu Deli Hijau - MDH Super Genjah;17000;90;1530000
Matoa;2;Bibit Kelengkeng New Kristal Klengkeng NewKristal Lengkeng New Kristal;19500;1000;19500000
Matoa;2;bibit buah alpukat mentega miki unggul;85000;11;935000
Matoa;2;Paket 5 Bibit Unggul Super Alpukat Mentega Varietas Miki;250000;0;0
Matoa;2;kelapa kopyor buah kelapa kopyor genjah dikupas tipis;35000;100;3500000
Matoa;2;VIRALL Bibit Tanaman Buah Matoa Super Okulasi Stek Cangkok Unggul;15000;7;105000
Matoa;2;MATOA BUAH - KELENGKENG NYA PAPUA;50000;50;2500000
Matoa;2;Matoa Papua super manis 0.8 kg;79000;8;632000
Matoa;2;Buah Matoa 500gr;99950;10;999500
Matoa;2;buah matoa super manis & banyak air/buah langka/kg;55000;0;0
Matoa;2;bibit matoa berkwalitas;5000;100;500000
Matoa;2;pohon buah matoa siap berbuah tinggi 3_4 meter;750000;0;0
Matoa;2;Bibit matoa super murah cepat berbuah;5000;50;250000
Matoa;2;matoa buah;30000;8;240000
Matoa;2;Terlaris Bibit buah Red Matoa asal Papua 2 meter Up;389500;7;2726500
Matoa;2;manisan mangga Cebu Lucky Premium Dried Mango 100g;76000;9;684000
Matoa;2;buah pete langsung dari pohon harga 1lonjor;2619;500;1309500
Matoa;2;buah matoa 1 kg|buah matoa fresh 1kg|buah matoa 3 rasa|matoa papua;68000;30;2040000
Matoa;2;VIRAAAALLL BUAH MATOA 3 RASA TERMURAH Durian Kelengkeng Rambutan 500Gr;36250;0;0
Matoa;2;Bibit Tanaman Buah Matoa / Matoa Papeda Genjah;12000;30;360000
Matoa;2;Buah Matoa Manis 1Kg;88900;30;2667000
Matoa;2;Bibit Pohon Matoa Merah Hasil Cangkok-Tanaman Matoa Merah Asli Super;38000;25;950000
Matoa;2;bibit matoa 40 cm - 70 cm;3000;40;120000
Matoa;2;pohon matoa tinggi 2 meter;300000;1;300000
Matoa;2;buah matoa 1 KG & 500 GRAM manis banget!!!;30000;18;540000
Matoa;2;bibit tanaman buah matoa super okulasi;22500;0;0
Matoa;2;bibit matoa merah super unggul murah matoa buah unik;25000;21;525000
Matoa;2;PROMO 5 BIBIT MATOA MERAH/ MATOA HIJAU ADA SUPER UNGGUL;120000;0;0
Matoa;2;Bibit Buah Kelengkeng Matoa pohon matoa;57500;9;517500
Matoa;2;pohon matoa tinggi 3 meter siap berbuah;495000;0;0
Matoa;2;BUAH MATOA MANIS 1KG;110000;14;1540000
Matoa;2;TERLARISSS 2 KG BUAH SUPER PILIHAN MATOA ASLI PAPUA;65000;100;6500000
Matoa;2;buah matoa 1kg | Rambutan papua;189000;0;0
Matoa;2;Buah Matoa Fresh 1 kg;99900;0;0
Matoa;2;Matoa Manis;32500;50;1625000
Matoa;2;bibit pohon buah matoa;13000;5;65000
Matoa;2;Bibit Pohon Matoa - Buah Mirip Kelengkeng Aroma Durian - Khas Papua;29900;1;29900
Matoa;2;bibit tanaman buah matoa super unggul;8000;6;48000
Matoa;2;Matoa buah fresh fruit;69900;8;559200
Matoa;2;biji matoa benih;10000;0;0
Matoa;2;Bibit 2 Pohon Red Matoa Papua Dan Green Matoa Papua mumpung Promo;58500;8;468000
Matoa;2;Buah Matoa Manis Segar;30000;4;120000
Matoa;2;pohon buah matoa, siap berbuah, tinghi pohon 2 mtr;300000;0;0
Matoa;2;matoa buah perkilo;58000;14;812000
Matoa;2;Bibit Pohon Matoa - Tanaman Buah Matoa Island Lychee Mirip Leci;17000;16;272000
Matoa;2;Bibit Pohon Matoa - Buah Mirip Kelengkeng Aroma Durian - Khas Papua;15000;30;450000
Matoa;2;Bibit Matoa Pohon Matoa Bibit Buah Matoa Tanaman Matoa Siap Berbuah;25000;0;0
Matoa;2;Bibit Pohon Matoa Super Genjah Hasil Okulasi;16300;40;652000
Matoa;2;Terlaris Terlaris bibit matoa cangkok Termurah;15000;10;150000
Matoa;2;MATOA PAPUA TERMURAH - SUKABUAH;39000;30;1170000
Matoa;2;BIBIT TANAMAN MATOA SUPER MANIS;17500;30;525000
Matoa;2;Paket 3 Bibit Matoa Super Unggul Berkhualitas;76200;0;0
Matoa;3;buah matoa papua fresh / buah fresh matoa superan - 1 KG;60000;5;300000
Matoa;3;Buah Matoa Papua 3Rasa Duren+Rambutan+Klengkeng Harga Grosir 500gr - 500gr;25425;500;12712500
Matoa;3;Buah Matoa dari Papua 3rasa Duren-Klengkeng-Rambutan Murah Fresh 250gr;13255;2000;26510000
Matoa;3;bibit tanaman buah Matoa okulasi;40000;16;640000
Matoa;3;Buah Matoa Papua 3Rasa Duren+Rambutan+Klengkeng Harga Grosir 250gr;12715;250;3178750
Matoa;3;Buah Matoa Segar Perpack ;65000;3;195000
Matoa;3;buah matoa fresh 1 kg;53900;2;107800
Matoa;3;buah matoa 1kg fresh;50000;70;3500000
Matoa;3;Bibit Tanaman Buah Matoa Okulasi Stek TGBU1;17000;18;306000
Matoa;3;Bibit Pohon Matoa - Buah Matoa - Tanaman Island Lychee - Mirip Leci;17000;100;1700000
Matoa;3;Pupuk organik booster matoa agar cepat berbuah lebat subur;14500;20;290000
Matoa;3;buah pear hijau packham 1kg;65000;80;5200000
Matoa;3;Pupuk Matoa Booster, Pupuk Organik Tanaman Buah, Penyubur Bibit Buah;35000;14;490000
Matoa;3;buah pear fresh 1 kg;50000;70;3500000
Matoa;3;BIBIT BUAH MATOA ATAU KELENGKENG IRIAN unggul;55000;5;275000
Matoa;3;buah matoa manis fresh 1kg;135000;6;810000
Matoa;3;Bibit Tanaman Buah Matoa;35000;28;980000
Matoa;3;Buah Matoa Segar 1kg / peck;99550;11;1095050
Matoa;3;Buah Matoa Segar Manis ada 3rasa /1kg;90000;4;360000
Matoa;3;buah matoa 500gr;35000;10;350000
Matoa;3;Buah Matoa Dari Papua 3rasa fresh;155000;13;2015000
Matoa;3;Matoa / 1Kg;31000;100;3100000
Matoa;3;Bibit buah Red Matoa 1,5 Meter Aslil Papua;150000;2;300000
Matoa;3;Bibit Buah Matoa Manis Garansi Valid;78500;2;157000
Matoa;3;2 Bibit Buah Matoa Super Manis;9000;40;360000
Matoa;3;buah kiwi hijau ( 500 gram);55000;70;3850000
Matoa;3;BIBIT BUAH MATOA ATAU BUAH KELENGKENG IRIAN UNGGUL;50000;2;100000
Matoa;3;nanas madu ( perbuah);20000;250;5000000
Matoa;3;BUAH NIPAH KUPAS;55000;5;275000
Matoa;3;Buah Rambutan Binjai Manis Garing Nglotok Enak Segar Fresh 500gr - 500gr;9975;250;2493750
Matoa;3;bibit tanaman buah Matoa okulasi;40000;16;640000
Matoa;3;buah matoa segar;35000;30;1050000
Matoa;3;PROMO 5 BIBIT MATOA MERAH/ MATOA HIJAU ADA SUPER UNGGUL;100000;0;0
Matoa;3;buah matoa 1 kg;55000;40;2200000
Matoa;3;buah matoa 1 kg;59000;0;0
Matoa;3;BIBIT POHON MATOA JENIS OKULASI - CANGKOK PEMBIBITAN TBTJ15;146000;0;0
Matoa;3;Bibit Pohon Matoa - Tanaman Buah Matoa - Buah Langka;30000;28;840000
Matoa;3;MATOA IRIANJAYA BUAH FRESH SEGAR MANIS PANEN PILIHAN PREMIUM TERLARIS;55888;3;167664
Matoa;3;PROMO TERBATAS bibit matoa merah 1,5m;314000;0;0
Matoa;3;Bibit Buah Matoa merah Jumbo ¬±2 Meter - Hasil Okulasi Berkualitas;100000;0;0
Matoa;3;KING FRUIT Durian Super Montong Premium Durian 500 gram;115000;3000;345000000
Matoa;3;Durian Medan Kupas Beku Frozen 500 gr;23000;0;0
Matoa;3;Buah Rambutan Manis Segar Fresh Enak Nikmat Toko Buah Termurah 500gr;9950;100;995000
Matoa;3;BUY 1 GET 1 King Fruit Durian Premium Super Montong Duren;230000;1000;230000000
Matoa;3;Bonssai Sianci Kecut Program Batang Meliuk-liuk.;230000;2;460000
Matoa;3;bibit pohon buah matoa;15500;30;465000
Matoa;3;BIBIT TANAMAN MATOA UNGGUL/ POHON BUAH MATOA TINGGI 80CM UP;25000;2;50000
Matoa;3;pohon matoa ukuran 1meter;65000;28;1820000
Matoa;3;pohon matoa tinggi 2 meter;300000;2;600000
Matoa;3;Matoa (Asli Papua) -/+ 500 Gr / Pack Fresh Pometia Pinnata Buah Segar;42875;4;171500
Matoa;3;buah matoa fresh 1 kg;40000;0;0
Matoa;3;BUAH MATOA TIGA RASA PREMIUM FRESH;100000;100;10000000
Matoa;3;buah matoa 1 kg|buah matoa papua|buah papua|buah matoa manis;64900;12;778800
Matoa;3;pohon matoa tinggi 2 meter;300000;2;600000
Matoa;3;Bibit Unggul Kelengkeng Matoa Bibit Tanaman;15000;16;240000
Matoa;3;Bibit buah matoa ( biji buah matoa );2000;80;160000
Matoa;3;TERLARISSS 6 KG BUAH MATOA MANIS UNIK RASA UNIK;65000;30;1950000
Matoa;3;BIBIT POHON MATOA SUPER UNGGUL;45000;0;0
Matoa;3;Bibit Tanaman Buah Matoa Papeda Genjah;22000;1;22000
Matoa;3;Bibit Pohon Matoa - Buah Mirip Kelengkeng Aroma Durian - Khas Papua;20000;30;600000
Matoa;3;Buah Matoa Segar (pack);88800;11;976800
Matoa;3;Bibit Tanaman Buah Matoa Merah Cangkok-Pohon Matoa Merah Hasil Cangkok;35000;4;140000
Matoa;3;HARGA DI BANTING Terlaris KWALITAS TERBAIK Bibit Tanaman Buah Matoa;21000;0;0
Matoa;3;TERLARISSS BUAH MATOA ASLI PAPUA SUPER PILIHAN;65000;40;2600000
Matoa;3;Bibit Tanaman Matoa Super Unggul;5000;2;10000
Matoa;3;Buah Matoa Asli Papua -+ 700 grm;72900;2;145800
Matoa;3;buah matoa500gram|buah matoa manis|buah segar|bandung;37500;10;375000
Matoa;3;TERLARISSS 5 KG BUAH MATOA ASLI PAPUA TIGA RASA BUAH DALAM SATU BUAH;65000;0;0
Matoa;3;Promo Bibit Tanaman Matoa Super Unggul Cepat Berbuah Buah Matoa Best;143000;0;0
Matoa;3;Bibit Tanaman Buah Matoa Pohon Buah Matoa;15000;0;0
Matoa;3;bibit tanaman buah matoa cepat berbuah manis;40000;0;0
Matoa;3;bibit pohon matoa 70cm up / lengkeng irian buah matoa;35000;21;735000
Matoa;3;bibit tanaman matoa ;15000;8;120000
Matoa;3;bibit pohon buah matoa unggul;12000;0;0
Matoa;3;Bibit Tanaman Matoa cepat berbuah Termurah;9000;3;27000
Matoa;3;buah matoa rasa durian fres harga per mika;17000;2;34000
Matoa;3;HARGA PROMO Bibit Tanaman Buah Matoa Kelapa Unggul Agro Wisatani;29000;1;29000
Matoa;3;Bibit Buah Matoa Cangkok Cepat berbuah Tinggi 2M Kondisi Rimbun;375000;0;0
Matoa;3;bibit matoa merah paket 4 bibit murah cepat berbuah;85000;1;85000
Matoa;3;BIBIT TANAMAN BUAH MATOA SUPER UNGGUL/ BIBIT MATOA MERAH;22000;0;0
Matoa;3;TERMURAH - KING FRUIT Durian Super Montong Premium Durian 500 gram;115000;1000;115000000
Matoa;3;Durian Lokal Frozen;78000;0;0
Matoa;3;bibit buah durian musangking unggul;70000;16;1120000
Matoa;3;HORMON Buah Durian Montong Agar Cepat Berbuah, Pupuk Giberelin pelebat;47000;40;1880000
Matoa;3;Durian Lokal Nusantara Super Premium - Frozen;90000;8;720000
Matoa;4;klengkeng;55000;100;5500000
Matoa;4;Bibit Alpukat Mentega Buah Alpukat Pohon Alpukat;18500;750;13875000
Matoa;4;mangga lily box 5kg matang pohon murah;649950;40;25998000
Matoa;4;Bibit Tanaman Buah Apel Ana Manalagi Malang Segar;43000;23;989000
Matoa;4;GROSIR.! ( 10kg ) MANGGA HARUM MANIS BESAR / MATANG POHON / BUAH SEGAR;450000;30;13500000
Matoa;4;Paket 4 Bibit Tanaman Matoa Papua Cangkok -Pohon Buah Matoa Asli Papua;100000;1;100000
Matoa;4;Bibit Tanaman Buah Matoa;15500;9;139500
Matoa;4;ü•® BUAH MATOA PREMIUM 1 KG GRADE A;40000;0;0
Matoa;4;Bibit Tanaman Matoa Jumbo Super Unggul Cepat Berbuah;15000;0;0
Matoa;4;buah matoa (pometia pinnata );63500;26;1651000
Matoa;4;mangga lily masak pohon 1 kg;135000;40;5400000
Matoa;4;Bibit jeruk keprok batu 55;17000;500;8500000
Matoa;4;Bibit buah petai pete hasil okulasi;32000;0;0
Matoa;4;Bibit Alpukat mentega jumbo;17000;1000;17000000
Matoa;4;Bibit Jeruk Keprok Batu 55 kondisi berbuah Bisa COD;19751;12;237012
Matoa;4;Bibit Tanaman Buah Matoa Super Bibit Buah Matoa Cangkok Bibit Matoa;9000;0;0
Matoa;4;BIBIT TANAMAN BUAH MATOA MERAH UNGGUL VALID;25000;30;750000
Matoa;4;buah matoa papua fresh / buah fresh matoa superan;60000;5;300000
Matoa;4;Buah Matoa;100000;100;10000000
Matoa;4;bibit pohon matoa 70cm up / lengkeng irian buah matoa;40000;30;1200000
Matoa;4;bibit matoa;5500;0;0
Matoa;4;biji benih buah matoa fruit;3000;0;0
Matoa;4;bibit tanaman buah matoa kualitas unggul;23900;14;334600
Matoa;4;Bibit Buah Matoa Hasil Cangkok Tinggi 1,5 - 2 Meter Cepat Berbuah;185000;0;0
Matoa;4;Matoa Manis Buah Segar ;55000;1;55000
Matoa;4;Bibit jambu air madu deli hijau MDH super genjah;17000;500;8500000
Matoa;4;BIBIT BUAH ALPUKAT MENTEGA WINA SUPER;95000;30;2850000
Matoa;4;Bibit Jambu Air Madu Deli Hijau - MDH Super Genjah;17000;90;1530000
Matoa;4;Bibit Kelengkeng New Kristal Klengkeng NewKristal Lengkeng New Kristal;19500;1000;19500000
Matoa;4;bibit buah alpukat mentega miki unggul;85000;11;935000
Matoa;4;daun matoa segar;27500;0;0
Matoa;4;spesial promo buah matoa manis per 2 kg;240000;4;960000
Matoa;4;SALE!! BIBIT TANAMAN BUAH MATOA CANGKOK/ BIJI CEPAT BERBUAH;142000;0;0
Matoa;4;Matoa Papua;25000;2;50000
Matoa;4;bibit buah matoa okulasi;40000;0;0
Matoa;4;BIBIT TANAMAN BUAH MATOA;15000;30;450000
Matoa;4;buah matoa Papua / rambutan Papua / matoa manis qualitas 100gr;16000;0;0
Matoa;4;Fahmibibit Ready Bibit Matoa Pohon Buah Matoa Hasil Okulasi Cangkok;24000;0;0
Matoa;4;buah matoa 500 gram;24000;1;24000
Matoa;4;buah matoa 1 kg;70000;5;350000
Matoa;4;Paket 5 Bibit Unggul Super Alpukat Mentega Varietas Miki;250000;0;0
Matoa;4;kelapa kopyor buah kelapa kopyor genjah dikupas tipis;35000;100;3500000
Matoa;4;manisan mangga Cebu Lucky Premium Dried Mango 100g;76000;9;684000
Matoa;4;buah pete langsung dari pohon harga 1lonjor;2619;500;1309500
Matoa;4;buah matoa Papua / rambutan Papua / matoa manis qualitas premium 100gr;16000;0;0
Matoa;4;Bibit tanaman bibit matoa -Bibit matoa cangkok/biji /akulasi AT14;50000;0;0
Matoa;4;Bibit Matoa Hasil Okulasi Cepat Berbuah Tabulampot;30000;14;420000
Matoa;4;Bibit Buah Matoa - Tanaman Buah Mirip lengkeng Aroma Durian Khas Papua;20000;9;180000
Matoa;4;bibit tanaman buah matoa unggul benih pohon di dalam pot tabulampot;8500;5;42500
Matoa;4;Best Seller Buah Matoa Fresh 1 Kg Ready Kak;7450000;0;0
Matoa;4;bibit matoa cangkok batang besar;350000;1;350000
Matoa;4;Miliki Pohon Matoa Tinggi 2 Meter;490000;0;0
Matoa;4;bibit tanaman buah matoa unggul;35500;1;35500
Matoa;4;Bibit Tanaman Pohon Buah Matoa / Pometia pinnata Murah Berkualitas;35000;10;350000
Matoa;4;Terlaris Paling Laris Bibit Tanaman Buah Matoa Okulasi Stek Cangkok;14000;3;42000
Matoa;4;Terlaris BIBIT TANAMAN BUAH MATOA SUPER MANIS / Cepat berbuah stek;44000;0;0
Matoa;4;buah matoa 1kg - 500 gram terjamin;175000;11;1925000
Matoa;4;Buah matoa super fresh baru petik 1kg;40000;0;0
Matoa;4;Buah Matoa Lokal 250-300 Gram 1 Pack Buahan;30000;5;150000
Matoa;4;Bibit Tanaman Buah Matoa-Bibit Matoa-Bibit Matoa Cangkok Okulasi -BB1;16000;0;0
Matoa;4;MATOA FRESH MANIS;65000;5;325000
Matoa;4;Bibit Matoa super Murah (Bayar di tempat);6000;3;18000
Matoa;4;Bibit tanaman buah matoa merah super cepat berbuah BBBB;30000;0;0
Matoa;4;4 Bibit Matoa Berkualitas;140000;0;0
Matoa;4;Bibit Tanaman Buah Matoa Okulasi Siap Berbuah | Pohon Matoa AA66;76000;0;0
Matoa;4;Tanaman Matoa 60cm;35000;3;105000
Matoa;4;BARANG TERLARIS BIBIT POHON MATOA(2METER )SIAP BERBUAH READYY;558000;0;0
Matoa;4;Benih Bibit Pohon Matoa - Buah Mirip Kelengkeng Aroma Durian - Khas;83000;0;0
Matoa;4;Bibit Tanaman Buah Matoa-Bibit Matoa Cangkok Okulasi Hasil Sambung -;12000;0;0
Matoa;4;,(KEBUN TROPIS) BIBIT MATOA JUMBO CEPAT BERBUAH;35000;0;0
Matoa;4;SALE TERBATAS bibit pohon matoa(2meter )siap berbuah;604000;0;0
Matoa;4;Diskon Paket 4 Pohon Matoa Papua Cangkok-Bibit Tanaman Buah Matoa;130000;0;0
Matoa;4;bibit matoa tinggi 2 meter;145000;1;145000
Matoa;4;Paket 4 Pohon Matoa Papua Cangkok-Bibit Tanaman Buah Matoa Papua Asli;121000;0;0
Matoa;4;Bibit Tanaman Buah Matoa Murah Berkualitas Matoa Buah Dari Papua;10000;0;0
Matoa;4;Spesial Bibit Tanaman Buah Matoa Okulasi Siap Berbuah | Pohon Matoa;84000;0;0
Matoa;4;Promo|New|Terbaru bibit pohon matoa(2meter )siap berbuah;685000;0;0
Matoa;4;buah matoa 1kg fresh (PO 6/7);50000;0;0
Matoa;4;promo 5 bibit tanaman buah matoa merah / matoa hijau super genjah;85500;3;256500
Matoa;5;buah matoa papua fresh / buah fresh matoa superan - 1 KG;60000;5;300000
Matoa;5;Buah Matoa Papua 3Rasa Duren+Rambutan+Klengkeng Harga Grosir 500gr;25425;500;12712500
Matoa;5;Buah Matoa dari Papua 3rasa Duren-Klengkeng-Rambutan Murah Fresh 250gr;13255;2000;26510000
Matoa;5;bibit tanaman buah Matoa okulasi;40000;16;640000
Matoa;5;Buah Matoa Papua 3Rasa Duren+Rambutan+Klengkeng Harga Grosir 250gr;12715;250;3178750
Matoa;5;pohon matoa tinggi 2 meter;300000;0;0
Matoa;5;BARU DATANG Bibit Tanaman Buah Matoa-Bibit Matoa-Bibit Matoa Cangkok &;20000;0;0
Matoa;5;bibit buah matoa jumbo agro tanaman;40000;1;40000
Matoa;5;Terlaris bibit tanaman buah matoa okulasi super unggul LARIS;15000;1;15000
Matoa;5;Bibit Tanaman Buah Kelengkeng Matoa Island Lychee;45000;5;225000
Matoa;5;Pupuk organik booster matoa agar cepat berbuah lebat subur;14500;20;290000
Matoa;5;buah pear hijau packham 1kg;65000;80;5200000
Matoa;5;Pupuk Matoa Booster, Pupuk Organik Tanaman Buah, Penyubur Bibit Buah;35000;14;490000
Matoa;5;buah pear fresh 1 kg;50000;70;3500000
Matoa;5;BIBIT BUAH MATOA ATAU KELENGKENG IRIAN unggul;55000;5;275000
Matoa;5;buah matoa manis dan fresh/500gram;55000;0;0
Matoa;5;alat panen buah mangga, matoa, jambu, alpukat dll;16500;3;49500
Matoa;5;Bibit Buah Matoa unggul dan Berkuwalitas';24500;0;0
Matoa;5;Ready buah matoa fresh 1 kg Ready ya kak;2310000;0;0
Matoa;5;Murah promo 5 bibit tanaman buah matoa merah / matoa hijau super;173000;0;0
Matoa;5;TERBAIK Terlaris Obral Bibit Tanaman Buah Matoa Merah Super Murah a;18000;0;0
Matoa;5;Buah Matoa papua perpaduan rasa lengkeng rambutan durian dan leci - kg;69000;5;345000
Matoa;5;BUAH MATOA 1KG;65000;0;0
Matoa;5;Bibit Tanaman Buah Matoa Merah-Pohon Matoa Merah Super Manis;27000;3;81000
Matoa;5;Pohon Matoa Cangkok-Bibit Tanaman Buah Matoa Cangkok;35000;0;0
Matoa;5;nanas madu ( perbuah);20000;250;5000000
Matoa;5;BIBIT BUAH MATOA ATAU BUAH KELENGKENG IRIAN UNGGUL;50000;2;100000
Matoa;5;buah kiwi hijau ( 500 gram);55000;70;3850000
Matoa;5;Buah Gandaria / Buah Jatake 1kg;18999;0;0
Matoa;5;KING FRUIT Durian Super Montong Premium Durian 500 gram;115000;3000;345000000
Matoa;5;matoa 300gr;38900;1;38900
Matoa;5;bibit pohon matoa(2 meter ) siap berbuah;387000;0;0
Matoa;5;Bibit Tanaman Buah Matoa Okulasi Stek TGBU1 EE13;17000;0;0
Matoa;5;bibit matoa berkwalitas;5000;0;0
Matoa;5;TERLARISSS 6 KG BUAH SUPER PILIHAN MATOA ASLI PAPUA;65000;40;2600000
Matoa;5;BUAH MATOA 2 KG DAGING EMPUK MANIS PASTI NAMBAH LAGI;65000;80;5200000
Matoa;5;MANIS bibit taama buah matoa super okulasi;23000;0;0
Matoa;5;Bibit buah matoa merah jumbo sambung;60000;0;0
Matoa;5;Bibit Tanaman Buah Matoa Super Unggulan;40000;6;240000
Matoa;5;Bibit buah Matoa manis berkualitas unggul | Buah Matoa manis;9250;0;0
Matoa;5;Durian Medan Kupas Beku Frozen 500 gr;23000;0;0
Matoa;5;bibit durian kanjau unik dan unggul;15000;14;210000
Matoa;5;buah murah lengkap;177000;11;1947000
Matoa;5;bibit durian monthong super;15000;30;450000
Matoa;5;BUY 1 GET 1 King Fruit Durian Premium Super Montong Duren;230000;1000;230000000
Matoa;5;buah matoa fresh tiga varian rasa;75000;2;150000
Matoa;5;Bibit Matoa Manis Unggul Siap Tanam Harga Murah;15000;10;150000
Matoa;5;Promo Bibit Tanaman Buah Matoa Hasil Cangkok Terlaris;161000;0;0
Matoa;5;3 BUTIR BIJI/BENIH BUAH MATOA | LEUNGSIR | POMETIA PINNATA;4900;0;0
Matoa;5;PROMO BIBIT TANAMAN MATOA BIBIT MATOA SUPER ASLI PAPUA;38400;0;0
Matoa;5;Diskon Bibit Matoa Merah 1,5M;310000;0;0
Matoa;5;bibit tanaman buah matoa super okulasi EE15;23000;0;0
Matoa;5;Buah Matoa Fresh Dari Papua ;78000;1;78000
Matoa;5;Bibit Pohon Matoa - Buah Mirip Kelengkeng Aroma Durian - Khas Papua;30000;1;30000
Matoa;5;BIBIT TANAMAN/POHON MATOA UNGGUL SIAP TANAM zzzzz;8000;0;0
Matoa;5;Buah matoa / segar / 500 gram;50074;2;100148
Matoa;5;Spesial Bibit Tanaman Buah Matoa Unggul Hasil Cangkok/Sambung;71000;0;0
Matoa;5;Diskon Bibit Matoa Asli Bergaransi, Pohon Buah Matoa Unggul Valid;103000;0;0
Matoa;5;bibit matoa;5500;0;0
Matoa;5;bibit buah matoa papua super genjah(beli 5 gratis 1);7000;0;0
Matoa;5;üîÖ Buah Matoa Papua Segar Manis Fresh;32000;0;0
Matoa;5;Terlaris Bibit Matoa Jumbo Super Unggul Cepat Berbuah;14000;0;0
Matoa;5;Miliki Bibit Matoa Merah 1,5M;315000;0;0
Matoa;5;New Bibit Matoa Merah 1,5M Top Quality;360000;0;0
Matoa;5;Pometia Pinnata | Pohon Buah Matoa Island Lychee | Tambulapot Bonsai;95000;0;0
Matoa;5;buah matoa 1 kg segar dari papua;55000;0;0
Matoa;5;Terjangkau Bibit Pohon Matoa(2Meter )Siap Berbuah;630000;0;0
Matoa;5;Buah Matoa 500gr;55900;0;0
Matoa;5;Bibit tanaman buah matoa;35000;3;105000
Matoa;5;TERBAIK POOLLL Terlaris Bibit matoa mentoa rasa durian rambutan FRESS;15000;0;0
Matoa;5;bibit buah matoa unggul berkualitas;33000;1;33000
Matoa;5;BARANG TERLARIS BIBIT MATOA MERAH 1,5M READYY;280000;0;0
Matoa;5;HARGA DI BANTING Terlaris KWALITAS TERBAIK Bibit Tanaman Buah Matoa;21000;0;0
Matoa;5;Buah Matoa Madu | Matoa Madu Manis 500 Grm;55800;3;167400
Matoa;5;PROMO tanaman buah matoa cepat berbuah terbaru;220000;0;0
Matoa;5;alat pembungkus brongsong buah matoa kelengkeng kotbya 7351qf;34000;0;0
Matoa;5;Bibit Tanaman Buah Matoa Kelapa Unggul Agro Wisatani EE20;29000;0;0
Matoa;5;Bibit Pohon Matoa - Tanaman Buah Matoa Island Lychee Mirip Leci EE15;20000;0;0
Matoa;5;Bibit Tanaman Buah Matoa;42500;21;892500
Matoa;5;üëç Buah Matoa Papua Segar Manis Fresh;32000;0;0
Matoa;5;DURIAN PAPI MONTHONG CREAMY;138000;100;13800000
Matoa;5;TERMURAH - KING FRUIT Durian Super Montong Premium Durian 500 gram;115000;1000;115000000
Matoa;5;Durian Lokal Frozen;78000;0;0
Matoa;5;Durian Lokal Nusantara Super Premium - Frozen;90000;8;720000
Matoa;5;Buah kelapa kopyor genjah segar murah langsung dari pohon sendiri;35000;100;3500000
konichiwa;1;DRESS ANAK KONICHIWA EBV Baju Dress Anak Perempuan Import - Grey, M;114400;2;228800
konichiwa;1;Sandal konichiwa;65000;60;3900000
konichiwa;1;Sprei Anak Beverly 120x200 100x200 90x200 Hello Kitty Konichiwa;112500;3;337500
konichiwa;1;Kaos Tulisan Jepang - KONICHIWA - Baju Kaos Distro Pria Murah - FPC ID;34500;26;897000
konichiwa;1;[EP] Yuki Saito - Kanashimi yo Konichiwa (Maison Ikkoku);140000;0;0
konichiwa;1;KONICHIWA Sandal Jepit Dewasa Series 5;123000;0;0
konichiwa;1;KONICHIWA - Sarung Tangan Latex/Lateks | Gloves Isi 100;36500;0;0
konichiwa;1;konichiwa eyewear frame kacamata pure asetat 72011 kacamata cateye;115000;0;0
konichiwa;1;Diskon Harga Buku Travelling / Konichiwa Japan! / Buku Tentang Jepang;91800;0;0
konichiwa;1;[LP] Ito Tsukasa - Sayonara, Konichiwa (Yume Miru Season) Vinyl PH;260000;0;0
konichiwa;1;Little Fresco - Kaos Anak Tee Sushi Favorite Khaki - size 3;63600;0;0
konichiwa;1;T-Shirt Karakter Korean Cute / Kaos Distro Anak - Koya, S ( 1-2 Thn );37500;0;0
konichiwa;1;seventeen topokki;50000;0;0
konichiwa;1;POP IT JUMBO XL BUTTERFLY / popit tiktok viral kado;79000;40;3160000
konichiwa;1;POP IT JUMBO XXXL RAINBOW BIG BOW / popit tiktok pita viral hadiah;139000;3;417000
konichiwa;1;Buku Travelling / Konichiwa Japan! / Buku tentang Jepang / Buku Travel;31900;10;319000
konichiwa;1;KONICHIWA Jepit Sandal Dewasa 5 Series;182000;0;0
konichiwa;1;Promo Sandal Konichiwa Abstract Pop - Navy Blue - Women Murah;192400;0;0
konichiwa;1;Penghapus lucu smiggle konichiwa eraser set;70000;0;0
konichiwa;1;konichiwa eyewear frame kacamata pure asetat 72006 kacamata cateye;120000;0;0
konichiwa;1;sandal anak no 6 konichiwa;105000;0;0
konichiwa;1;Sandal konichiwa (=);84000;0;0
konichiwa;1;SANDAL ANAK KONICHIWA UNISEX KIDS;70000;0;0
konichiwa;1;Konichiwa Nihongo Jilid 1 untuk Siswa SMA Kelas X;80000;0;0
konichiwa;1;Buku Travelling / Konichiwa Japan!;52200;0;0
konichiwa;1;Khusus Buku Travelling / Konichiwa Japan! / Buku Tentang Jepang / Buku;87465;0;0
konichiwa;1;Kaos japan jepang konichiwa salur garis cowok distro pria;45000;0;0
konichiwa;1;KAOS DISTRO KONICHIWA TULISAN JEPANG;35999;0;0
konichiwa;1;Buku Traveling : Konichiwa Japan!;58000;5;290000
konichiwa;1;Obral Buku Travelling / Konichiwa Japan! / Buku Tentang Jepang / Buku;89760;0;0
konichiwa;1;BAJU KAOS KONICHIWA TULISAN JEPANG T-SHIRT;49999;1;49999
konichiwa;1;SPREI SET KATUN STAR MOTIF KONICHIWA UKURAN 90 sd 200;115000;0;0
konichiwa;1;BEDCOVER SET KATUN STAR MOTIF KONICHIWA UKURAN 140 sd 200;455000;0;0
konichiwa;1;BEDCOVER SET KATUN STAR MOTIF KONICHIWA UKURAN 90 sd 120;340000;0;0
konichiwa;1;Promo Sarung Tangan Latex non Powder merk Konichiwa ukuran L Limited;89000;0;0
konichiwa;1;Jual SANDAL ANAK KONICHIWA UNISEX KIDS Murah;107500;0;0
konichiwa;1;Perempuan Anak bayi bayi Bayi KONICHIWA Anak Import Dress heybaby Gaun;135000;0;0
konichiwa;1;Frame kacamata minus bulat konichiwa + lensa antiradiasi;99000;0;0
konichiwa;1;Frame kacamata bulat konichiwa;59000;0;0
konichiwa;1;Terapik heybaby DRESS KONICHIWA EBV Baju Dress Anak Perempuan Import;85000;0;0
konichiwa;1;Colourpop X hello kitty lipstick (konichiwa);100000;0;0
konichiwa;1;Bedcover Set Anti Geser Motif HK KONICHIWA UK 120X200-200X200;350000;1;350000
konichiwa;1;Bantal Terapi Sakura / Konichiwa Bantal Panas Belt + Magnet Tipis;201000;0;0
konichiwa;1;Bedcover Set Beverly 120x200 90x200 100x200 Hello Kitty Konichiwa;365000;0;0
konichiwa;1;Sprei Anak Katun Lokal 120x200 9x200 100x200 Hello Kitty Konichiwa;180000;0;0
konichiwa;1;Buku Travelling : KONICHIWA JAPAN! - Buku tentang Jepang;84000;0;0
konichiwa;1;SPREI SET KATUN PREMIUM BEVERLY HK KONICHIWA MERAH;120000;0;0
konichiwa;1;SPREI SET KATUN PREMIUM BEVERLY HK KONICHIWA PINK;120000;0;0
konichiwa;1;BEDCOVER + SPREI SET KATUN PREMIUM BEVERLY HK KONICHIWA MERAH;365000;0;0
konichiwa;1;HappyOliver KONICHIWA Import Anak Dress Baju DRESS EBV Perempuan;134000;0;0
konichiwa;1;Konichiwa 65ml Parfum Dokyo J15 Pheromone 100% Original Jepang;260000;5;1300000
konichiwa;1;heybaby DRESS KONICHIWA EBV Baju Dress Anak Perempuan Import Dress;86000;0;0
konichiwa;1;Konichiwa jacket jeans;155000;0;0
konichiwa;1;PROMO SANDAL KONICHIWA BERKUALITAS;207000;0;0
konichiwa;1;HappyOliver DRESS KONICHIWA EBV Baju Dress Anak Perempuan Import;142000;0;0
konichiwa;1;MYS243- HappyOliver DRESS KONICHIWA EBV Baju Dress Anak Perempuan Impo;918000;0;0
konichiwa;1;Paket lensa minus - frame kacamata pria wanita konichiwa Ready;139000;0;0
konichiwa;1;heybaby DRESS KONICHIWA EBV Baju Dress Anak Perempuan Import Dress;1049000;0;0
konichiwa;1;VQ325 kaos distro pria konichiwa allsize ld98cm cotton 30s;83900;0;0
konichiwa;1;FYN244- HappyOliver DRESS KONICHIWA EBV Baju Dress Anak Perempuan Impo;918000;0;0
konichiwa;1;Sprei Bedcover Katun Star HK konichiwa r uk 200|180|160|140|120|100|90;360000;0;0
konichiwa;1;PROMO Buku Travelling / Konichiwa Japan! / Buku tentang Jepang / Buku;66000;0;0
konichiwa;1;HappyOliver DRESS KONICHIWA EBV Baju Dress Anak Perempuan Import;144000;0;0
konichiwa;1;Paket lensa minus - frame kacamata pria wanita konichiwa;166000;0;0
konichiwa;1;cetak dus konichiwa;2875000;0;0
konichiwa;1;Produk heybaby DRESS KONICHIWA EBV Baju Dress Anak Perempuan Import;1166000;0;0
konichiwa;2;DRESS ANAK KONICHIWA EBV Baju Dress Anak Perempuan Import - Grey, M;114400;2;228800
konichiwa;2;Hosomen ramen kecil;30000;3000;90000000
konichiwa;2;MAITATOS BT21 PASTI RAME - RASA KOREAN BARBEQUE ISI 4;26700;14;373800
konichiwa;2;seventeen topokki;50000;0;0
konichiwa;2;POP IT XXXL PASTEL STRAWBERRY PREMIUM / rainbow popit tiktok bubble;169000;21;3549000
konichiwa;2;HappyOliver DRESS KONICHIWA EBV Baju Dress Anak Perempuan Import;116000;0;0
konichiwa;2;MYS243- heybaby DRESS KONICHIWA EBV Baju Dress Anak Perempuan Import a;925000;0;0
konichiwa;2;HappyOliver DRESS KONICHIWA EBV Baju Dress Anak Perempuan Import;152000;0;0
konichiwa;2;Sprei Anak Motif Konichiwa By Katun Star, Seprei Katun Lokal;366000;0;0
konichiwa;2;Sandal konichiwa üëö;85000;0;0
konichiwa;2;POP IT JUMBO XL BUTTERFLY / popit tiktok viral kado;79000;40;3160000
konichiwa;2;POP IT JUMBO XXXL RAINBOW BIG BOW / popit tiktok pita viral hadiah;139000;3;417000
konichiwa;2;Littleaaron Dress Konichiwa Ebv Baju Dress Anak Perempuan Import;107000;0;0
konichiwa;2;Buku Traveling : Konichiwa Japan!;123000;0;0
konichiwa;2;Konichiwa Japan!;31900;0;0
konichiwa;2;BEDCOVER + SPREI SET KATUN PREMIUM BEVERLY HK KONICHIWA PINK;365000;0;0
konichiwa;2;Heybaby-Dress Konichiwa Ebv Baju Dress Anak Perempuan Import Dress;992000;0;0
konichiwa;2;FYN244- heybaby DRESS KONICHIWA EBV Baju Dress Anak Perempuan Import a;925000;0;0
konichiwa;2;Travelling Buku Buku tentang Travelling Jepang Japan Konichiwa Buku Je;71000;0;0
konichiwa;2;Happyoliver Dress Konichiwa Ebv Baju Dress Anak Perempuan Import Best;979000;0;0
konichiwa;2;Smiggle Ori A5 Pencil Case Konichiwa;175000;0;0
konichiwa;2;Bedcover Set Katun Lokal 120x200 100x200 90x200 Hello Kitty Konichiwa;365000;0;0
konichiwa;2;SPREI KONICHIWA;140000;2;280000
konichiwa;2;Seprei Set Anti Geser Motif HK KONICHIWA UK 120X200-200X200;120000;0;0
konichiwa;2;Bedcover Set Katun Lokal 120x200 90x200 100x200 Hello Kitty Konichiwa;365000;0;0
konichiwa;2;Bedcover Set Beverly 100x200 120x200 90x200 Hello Kitty Konichiwa;365000;0;0
konichiwa;2;Sprei Anak Katun Lokal 120x200 100x200 90x200 Hello Kitty Konichiwa;180000;0;0
konichiwa;2;Sprei set katun Star HK konichiwa p uk 200|180|160|140|120|100|90;125000;0;0
konichiwa;2;Sprei Bedcover Katun Star HK konichiwa p uk 200|180|160|140|120|100|90;360000;0;0
konichiwa;2;Sprei set katun Star HK konichiwa r uk 200|180|160|140|120|100|90;125000;0;0
konichiwa;2;Sprei Anak Beverly 120x200 90x200 100x200 Hello Kitty Konichiwa;112500;0;0
konichiwa;2;pesanan khusus konichiwa bdg;523312;0;0
konichiwa;2;Konichiwa Salad Wrap;78000;0;0
konichiwa;2;DRESS KONICHIWA Baju Dress Anak Perempuan Dress anak bayi Perempuan;110752;0;0
konichiwa;2;[Dijual] Sakura / Konichiwa Bantal Panas Belt + Magnet Tipis;198000;0;0
konichiwa;2;Konichiwa Salad Bowl;78000;0;0
konichiwa;2;Buku Travelling / Konichiwa Japan! / Buku tentang Jepang / Buku Travel;40600;0;0
konichiwa;2;Sprei Set Katun Star HK konichiwa uk 200|180|160|140|120|100|90;125000;0;0
konichiwa;2;Sprei Bedcover Set Katun Star konichiwa p uk200|180|160|140|120|100|90;355000;0;0
konichiwa;2;Sprei Set Katun Star konichiwa p uk 200|180|160|140|120|100|90;125000;0;0
konichiwa;2;FER223- heybaby DRESS KONICHIWA EBV Baju Dress Anak Perempuan Import a;932000;0;0
konichiwa;2;Handskun Konichiwa Latex Free Powder;45000;2;90000
konichiwa;2;SUNSHINE FRAME KACAMATA BULAT KONICHIWA TERMURAH SEINDONESIA;307000;0;0
konichiwa;2;BUKU MOTIVASI : KONICHIWA JAPAN!;84800;0;0
konichiwa;2;BUKU MOTIVASI : KONICHIWA JAPAN!;99000;0;0
konichiwa;2;Soraya Bedsheet Set Bedcover Single Katun Gold Motif Konichiwa;793000;0;0
konichiwa;2;FER223- HappyOliver DRESS KONICHIWA EBV Baju Dress Anak Perempuan Impo;952000;0;0
konichiwa;2;sprei & bedcover katun beverly collection motif HK konichiwa 2 warna ;260000;0;0
konichiwa;2;TERBUKTI Kemeja Katun Konichiwa BYR;122000;0;0
konichiwa;2;HappyOliver DRESS KONICHIWA EBV Baju Dress Anak Perempuan Import;103400;0;0
konichiwa;2;Konichiwa 65ml Parfum Dokyo J15 Pheromone 100 Original Jepang;374400;0;0
konichiwa;2;KAOS WANITA ATASAN WANITA DISTRO GREENLIGHT KAOS KONICHIWA GREENLIGHT;64900;0;0
konichiwa;2;Menarik Paket lensa minus - frame kacamata pria wanita konichiwa;163500;0;0
konichiwa;2;Menarik Paket lensa minus - frame kacamata pria wanita konichiwa;163500;0;0
konichiwa;2;BEDCOVER SET KATUN BEVERLY MOTIF HK KONICHIWA RED;884000;0;0
konichiwa;2;Soraya Bedsheet Set Bedcover Single Katun Gold Motif Konichiwa Murah;793000;0;0
konichiwa;2;SEPATU CORVALUE FOOTWEAR - Sepatu Sneakers Casual Konichiwa Full White;210000;0;0
konichiwa;2;Buku Traveling : Konichiwa Japan!;81900;0;0
konichiwa;2;Buku Traveling - Konichiwa Japan Travel Food Culture Life;96000;0;0
konichiwa;2;Baju Kodok Piteku Panjang seri konichiwa;68000;0;0
konichiwa;2;Baju kodok pendek Piteku konichiwa;57000;0;0
konichiwa;2;Buku Travelling : KONICHIWA JAPAN! - Buku tentang Jepang;81900;0;0
konichiwa;2;Sepatu Corvalue Footwear - Sneakers Kasual Pria Wanita Konichiwa Fulwh;361000;0;0
konichiwa;2;K‚úâ4X DRESS ANAK KONICHIWA EBV BAJU DRESS ANAK PEREMPUAN T L„äöR6;146000;0;0
konichiwa;2;DRESS KONICHIWA Baju Dress Anak Perempuan Import;85900;0;0
konichiwa;2;Buku Traveling : Konichiwa Japan! : Buku Tentang Jepang;84800;0;0
konichiwa;2;DRESS ANAK KONICHIWA EBV Baju Dress Anak Perempuan Import;114400;2;228800
konichiwa;3;DRESS ANAK KONICHIWA EBV Baju Dress Anak Perempuan Import - Grey, M;114400;2;228800
konichiwa;3;Little Fresco - Kaos Anak Tee Sushi Favorite Khaki - size 3;63600;0;0
konichiwa;3;T-Shirt Karakter Korean Cute / Kaos Distro Anak - Koya, S ( 1-2 Thn );37500;0;0
konichiwa;3;seventeen topokki;50000;0;0
konichiwa;3;POP IT JUMBO XL BUTTERFLY / popit tiktok viral kado;79000;40;3160000
konichiwa;3;- BUKU REFERENSI : Konichiwa Japan!;66100;0;0
konichiwa;3;PROMO SANDAL KONICHIWA BERKUALITAS;272500;0;0
konichiwa;3;HappyOliver DRESS KONICHIWA EBV Baju Dress Anak Perempuan Import ü§û;80000;0;0
konichiwa;3;"Frame kacamata baca minus plus
Konichiwa";90000;0;0
konichiwa;3;BEDCOVER + SPREI SET KATUN PREMIUM BEVERLY HK KONICHIWA RED;365000;0;0
konichiwa;3;POP IT JUMBO XXXL RAINBOW BIG BOW / popit tiktok pita viral hadiah;139000;3;417000
konichiwa;3;HappyOliver DRESS KONICHIWA EBV Baju Dress Anak Perempuan Import;108000;0;0
konichiwa;3;ASLI BUKU MOTIVASI : KONICHIWA JAPAN! READY STOCK;90000;0;0
konichiwa;3;SPREI SET KATUN PREMIUM BEVERLY HK KONICHIWA PINK;120000;0;0
konichiwa;3;Buku Motivasi : Konichiwa Japan!;95000;0;0
konichiwa;3;Sprei Katun Lokal Motif HK Konichiwa By Bahan Katun Beverly,Sprei;342000;0;0
konichiwa;3;BEDCOVER + SPREI SET KATUN PREMIUM BEVERLY HK KONICHIWA PINK;365000;0;0
konichiwa;3;Frame kacamata minus bulat konichiwa + lensa antiradiasi;99000;0;0
konichiwa;3;Konichiwa Japan!;41000;0;0
konichiwa;3;heybaby DRESS KONICHIWA EBV Baju Dress Anak Perempuan Import Dress;86000;0;0
konichiwa;3;Produk Terbatas Happyoliver Dress Konichiwa Ebv Baju Dress Anak;992000;0;0
konichiwa;3;Hoodie anak perempuan motif kawai lucu cute konichiwa jaket cewek;26000;0;0
konichiwa;3;Heybaby Dress Konichiwa Ebv Baju Dress Anak Perempuan Import Dress;100018;0;0
konichiwa;3;Promo / Buku Sejarah / Buku Travelling / Buku Jepang : Konichiwa;90000;0;0
konichiwa;3;heybaby DRESS KONICHIWA EBV Baju Dress Anak Perempuan Import Dress;1010000;0;0
konichiwa;3;Terbaru Heybaby Dress Konichiwa Ebv Baju Dress Anak Perempuan Import;1193000;0;0
konichiwa;3;Buku Traveling : Konichiwa Japan!;90000;0;0
konichiwa;3;- terlaris // heybaby-dress konichiwa ebv baju dress anak perempuan;121000;0;0
konichiwa;3;PROMO' Buku Travelling / Konichiwa Japan! / Buku tentang Jepang /;41000;0;0
konichiwa;3;Buku Travelling / Konichiwa Japan! / Buku Tentang Jepang / Buku;121000;0;0
konichiwa;3;BUKU MOTIVASI : KONICHIWA JAPAN!;100000;0;0
konichiwa;3;Buku Konichiwa Japan! (Cklik Media - 2020);58000;0;0
konichiwa;3;Handskun / Konichiwa / Powder / Uk L;50000;0;0
konichiwa;3;Sprei Konichiwa;517000;0;0
konichiwa;3;Baju Kodok Pendek Konichiwa;113000;0;0
konichiwa;3;Kemeja Katun Konichiwa;142000;0;0
konichiwa;3;Sprei Set Katun Lokal Homemade Motif HK Konichiwa;115000;0;0
konichiwa;3;Setelan anak Konichiwa Ryucho;95000;0;0
konichiwa;3;Handskun Latex / Konichiwa / Free Powder / Uk S;45000;0;0
konichiwa;3;HappyOliver DRESS KONICHIWA EBV Baju Dress Anak Perempuan Import;149000;0;0
konichiwa;3;Handuk Mandi Konichiwa Corak;39000;0;0
konichiwa;3;Smiggle Konichiwa Eraser Set Penghapus Cantik Lucu Karakter Jepang;50000;0;0
konichiwa;3;Handskun / Konichiwa / Powder / Uk M;50000;0;0
konichiwa;3;Sprei Katun Lokal Motif HK Konichiwa By Bahan Katun Beverly,Sprei;322000;0;0
konichiwa;3;I‚û∏EC DRESS ANAK KONICHIWA EBV BAJU DRESS ANAK PEREMPUAN T K‚úâ49;195000;0;0
konichiwa;3;Handskun / Konichiwa / Powder / Uk S;50000;0;0
konichiwa;3;promo Buku Traveling : Konichiwa Japan! : Buku Tentang Jepang ready;74000;0;0
konichiwa;3;BUKU TRAVELLING / KONICHIWA JAPAN! / BUKU TENTANG JEPANG / BUKU;72000;0;0
konichiwa;3;Buku Travelling / Konichiwa Japan! / Buku tentang Jepang / Buku;71000;0;0
konichiwa;3;Handskun Latex / Konichiwa / Free Powder / Uk. L;45000;0;0
konichiwa;3;- terlaris- heybaby-dress konichiwa ebv baju dress anak perempuan;118000;0;0
konichiwa;3;Glove Merk Konichiwa Non Powder;52000;0;0
konichiwa;3;Sprei Anak Motif Konichiwa By Katun Star,Seprei Katun Lokal;181000;0;0
konichiwa;3;mochi kacang konichiwa;20000;0;0
konichiwa;3;dress anak perempuan KONICHIWA baju anak perempuan pakaian anak IMPORT;90150;0;0
konichiwa;3;baju anak perempuan import DRESS KONICHIWA;83500;0;0
konichiwa;3;Konichiwa Latex Non Steril Powder Free size M;48000;0;0
konichiwa;3;DRESS ANAK KONICHIWA EBV Baju Dress Anak Perempuan Import;114400;0;0
konichiwa;3;Kemeja Blouse Konichiwa Korea Wanita Kantor;104599;0;0
konichiwa;3;Ritter Sport Konichiwa;132000;0;0
konichiwa;3;Dress Konichiwa Ebv Baju Dress Anak Perempuan Import Dress Anak;93000;0;0
konichiwa;3;Konichiwa Eraser set;80000;0;0
konichiwa;3;SARUNG TANGAN KONICHIWA LPF;35000;0;0
konichiwa;3;SARUNG TANGAN KONICHIWA LPS;30000;0;0
