keyword;page;sku_name;price;sold
Rockbros;1;MANSET TANGAN SEPEDA PRIA & WANITA ROCKBROS XT-9002 ARM SLEEVE;Rp18.050;250+ terjual
Rockbros;1;ROCKBROS LF8464 Masker Balaclava Slayer Motor Sepeda Cycling Face Mask - Light Grey;Rp53.900;100+ terjual
Rockbros;1;Rockbros YQ-ZJQD400LM Lampu Depan Sepeda Barfly 400 Lumen Rechargeable;Rp119.000;100+ terjual
Rockbros;1;Masker Sepeda Rockbros LF8464 Balaclava Cycling Face Mask;Rp54.000;500+ terjual
Rockbros;1;Bel Sepeda Rockbros Original Klakson Cycling Horn;Rp51.000;13 terjual
Rockbros;1;ROCKBROS LF8065 Masker Balaclava Sepeda Slayer Motor Face Mask Scarf B;Rp36.800;7rb+ terjual
Rockbros;1;ROCKBROS DCBT68 Botol Minum Sepeda Olahraga Bidon 600ml Water Bottle;Rp37.500;2rb+ terjual
Rockbros;1;ROCKBROS S202 Sarung Tangan Sepeda Non Padding Half Finger Gloves;Rp55.900;250+ terjual
Rockbros;1;ROCKBROS S196 Sarung Tangan Sepeda Bike Gloves Half finger;Rp97.400;100+ terjual
Rockbros;1;ROCKBROS 32420515001 Kunci Gembok Sepeda Bike Bicycle Lock Ring 95CM;Rp57.000;250+ terjual
Rockbros;1;Pompa Injak Angin Ban Sepeda Motor Rockbros Portable Presta Schrader;Rp52.000;500+ terjual
Rockbros;1;ROCKBROS LF8112 Long Masker Balaclava Slayer Motor Sepeda Anti UV;Rp45.900;1rb+ terjual
Rockbros;1;Topi Sepeda Rockbros Anti UV Cycling Cap;Rp62.000;13 terjual
Rockbros;1;ROCKBROS 699 Holder Handphone Tempat HP Sepeda Adjustable Mounting;Rp69.999;500+ terjual
Rockbros;1;ROCKBROS LF8065 Masker Balaclava Sepeda Slayer Motor Face Mask Scarf B - Black;Rp36.800;7rb+ terjual
Rockbros;1;ROCKBROS 40210003 Handgrip Sepeda Tutup Setang Bicycle Grips Leather;Rp55.000;250+ terjual
Rockbros;1;ROCKBROS DNB-1001 Spakbor Sepeda Telescopic Bike Bicycle Fender;Rp78.000;250+ terjual
Rockbros;1;ROCKBROS WB002 Masker Sport Sepeda - Face Mask Scarf Bandana Ice;Rp41.200;250+ terjual
Rockbros;1;ROCKBROS S099 Sarung Tangan Sepeda Bike Half Finger Gloves;Rp46.000;500+ terjual
Rockbros;1;ROCKBROS ZPWD-1 Lampu Belakang Sepeda Bike Clip Light Mini Lamp;Rp18.500;250+ terjual
Rockbros;1;ROCKBROS RKS515 Kunci Gembok Sepeda Bicycle Lock Ring with Bracket;Rp39.700;4rb+ terjual
Rockbros;1;ROCKBROS XT9002 Manset Tangan Sepeda Cycling Arm Sleeve Pria Wanita;Rp11.600;10rb+ terjual
Rockbros;1;ROCKBROS PT-6005 Bike Tail Light - Lampu Belakang Seatpost Sepeda;Rp37.500;3rb+ terjual
Rockbros;1;ROCKBROS T512 T609 Kunci Gembok Sepeda Bicycle Lock Passcode 4 Angka;Rp35.500;1rb+ terjual
Rockbros;1;ROCKBROS Arm Sleeve Sunscreen Protection Manset Pelindung Sinar UV SPF;Rp25.000;1rb+ terjual
Rockbros;1;Tempat Botol Minum Sepeda Bottle Cage Rockbros Holder Sport Lipat Mtb - Merah;Rp22.900;500+ terjual
Rockbros;1;ROCKBROS RKS515 Kunci Gembok Sepeda Bicycle Lock Ring with Bracket - Red;Rp39.700;4rb+ terjual
Rockbros;1;ROCKBROS DCBT69 Botol Minum Sepeda Olahraga 750ml - Water Drink Bottle;Rp43.900;250+ terjual
Rockbros;1;ROCKBROS GJ1601 Kunci Sepeda 16In1 Bike Tool Kit Toolset Multifungsi;Rp25.500;2rb+ terjual
Rockbros;1;Rockbros PF1 Pompa Fork Angin Sepeda Air Shock 300 PSI Alloy Hitam;Rp229.000;250+ terjual
Rockbros;1;ROCKBROS LF8112 Long Masker Balaclava Slayer Motor Sepeda Anti UV;Rp45.900;1rb+ terjual
Rockbros;1;ROCKBROS S291-1 Sarung Tangan Sepeda Anti UV Bike Glove Full Finger;Rp91.000;500+ terjual
Rockbros;1;ROCKBROS WB-001B - Masker Wajah Sepeda Anti UV Scarf Slayer - 2 warna;Rp35.100;1rb+ terjual
Rockbros;1;ROCKBROS 699 Holder Handphone Tempat HP Sepeda Adjustable Mounting;Rp69.999;500+ terjual
Rockbros;1;ROCKBROS DCBT69 Botol Minum Sepeda Olahraga 750ml - Water Drink Bottle;Rp39.400;3rb+ terjual
Rockbros;1;ROCKBROS 2011-7A Standar Sepeda Samping Bicycle Kick Stand Adjustable;Rp40.900;1rb+ terjual
Rockbros;1;ROCKBROS S202-1 Sarung Tangan Sepeda Anti UV Bike Gloves Full Finger;Rp62.500;250+ terjual
Rockbros;1;ROCKBROS PVC001 Pegangan Botol Minum Sepeda Bottle Cage Botol Holder;Rp11.200;2rb+ terjual
Rockbros;1;ROCKBROS GJ1601 Kunci Sepeda 16In1 Bike Tool Kit Toolset Multifungsi;Rp25.500;2rb+ terjual
Rockbros;1;ROCKBROS S106 Sarung Tangan Sepeda Bike Glove Half Finger Pria Wanita;Rp56.000;2rb+ terjual
Rockbros;1;Rockbros Pump 380G 160 PSI Pompa sepeda;Rp115.000;1rb+ terjual
Rockbros;1;ROCKBROS 42320001 Pompa Sepeda CO2 Inflator Bicycle Mini Pump 110Psi;Rp238.000;0
Rockbros;1;ROCKBROS GJ1601 Multifunction Bicycle Repair Tools Kit Toolset Sepeda;Rp27.000;1rb+ terjual
Rockbros;1;ROCKBROS S260 Sarung Tangan Sepeda Sports Cycling Gloves Half Finger;Rp96.000;90+ terjual
Rockbros;1;Holder Tempat Botol Minum Sepeda Rockbros 2009-14C Bottle cage holder;Rp29.500;60+ terjual
Rockbros;1;ROCKBROS S299 Sarung Tangan Sepeda Bike Glove Full Finger Cycling;Rp140.000;50+ terjual
Rockbros;1;Rockbros BC18 Speedometer Sepeda Wireless Odometer Waterproof;Rp149.000;250+ terjual
Rockbros;1;ROCKBROS BTCR Grip Setang Sepeda-Bike Handgrip PP Wrapped Ring Lock;Rp52.999;750+ terjual
Rockbros;1;ROCKBROS RKS507 Kunci Gembok Sepeda Anti-theft Bicycle Lock 120cm;Rp75.000;250+ terjual
Rockbros;1;ROCKBROS LF8111 Long Face Mask Masker Wajah Sepeda Anti UV Balaclava;Rp45.500;100+ terjual
Rockbros;1;ROCKBROS DCBT69 New Botol Minum Sepeda Olahraga 750ml Water Bottle;Rp41.000;500+ terjual
Rockbros;1;ROCKBROS LF7345 Masker Balaclava Winter Sport Motor Bike Mask Fleece;Rp79.000;100+ terjual
Rockbros;1;Rockbros Mount Lampu Barfly Mounting Garmin Cateye Bryton GoPro Holder;Rp88.000;500+ terjual
Rockbros;1;Rockbros Botol Minum Sepeda Olahraga BPA Free Cycling Bottle;Rp39.800;750+ terjual
Rockbros;1;Rockbros Gembok Kunci Sepeda Bike Lock Anti Lecet 3230;Rp65.000;250+ terjual
Rockbros;1;ROCKBROS S221 Gloves Sarung Tangan Sepeda Semua Ukuran - Hitam;Rp105.700;1rb+ terjual
Rockbros;1;Rockbros WR05 Lampu Belakang Sepeda Brake Sensor Light USB Waterproof;Rp99.275;250+ terjual
Rockbros;1;ROCKBROS WB001 Masker Wajah Sepeda Anti UV Face Mask Scarf;Rp35.100;500+ terjual
Rockbros;1;ROCKBROS LF8065 Masker Balaclava Slayer Motor Sepeda Face Mask;Rp38.500;1rb+ terjual
Rockbros;1;ROCKBROS RKS507 Bike Lock Ring 120cm - Kunci Gembok Sepeda - BLACK;Rp70.000;100+ terjual
Rockbros;1;ROCKBROS RHL 1000 Lampu Depan Senter Sepeda Bicycle Front Light 1000LM;Rp239.000;250+ terjual
Rockbros;1;ROCKBROS LDRK1001 Bel Sepeda Bicycle Bell Klakson Sepeda MTB Seli;Rp26.000;750+ terjual
Rockbros;1;ROCKBROS JC1005BK Standar Sepeda Samping Telescopic Kick Stand;Rp67.500;750+ terjual
Rockbros;1;ROCKBROS RKS515 Kunci Gembok Sepeda-Bike Bicycle Lock Ring 110CM;Rp41.000;4rb+ terjual
Rockbros;1;ROCKBROS GJ1601 16 In 1 Bike Tool Kit - Toolset Alat Kunci Sepeda;Rp23.800;2rb+ terjual
Rockbros;1;ROCKBROS S202 Half Finger Gloves Sarung Tangan Sepeda Elastic Black;Rp55.600;2rb+ terjual
Rockbros;1;ROCKBROS ZK-013 Helm Sepeda + LED Lampu Belakang Bicycle Helmet MTB RB;Rp293.900;500+ terjual
Rockbros;1;ROCKBROS Q5 Lampu Belakang Sepeda Smart Brake Light Sensor;Rp166.000;1rb+ terjual
Rockbros;1;LAMPU DEPAN SEPEDA 400 LUMENS ROCKBROS USB RECHARGEABLE;Rp112.900;13 terjual
Rockbros;1;ROCKBROS AQ-6090 Sadel Jok Sepeda Empuk Soft Bicycle Saddle Cushion;Rp125.000;250+ terjual
Rockbros;1;ROCKBROS 2022-1B Bel Sepeda Retro Bicycle Chopper Bell Stainless Horn;Rp62.300;100+ terjual
Rockbros;1;ROCKBROS AS-019 Small Tas Sepeda Cycling Bike Bicycle Top Front Tube;Rp124.000;80+ terjual
Rockbros;1;ROCKBROS 34210006001 C Shaped Concealed Bel Sepeda Horn Alloy Bell;Rp58.500;90+ terjual
Rockbros;1;ROCKBROS GMBT1001 Handgrip Setang Sepeda Silicone Bike Handlebar Grip;Rp15.500;500+ terjual
Rockbros;1;Rockbros Holder Bottle Cage Bracket Adaptor Tempat Botol Minum Sepeda;Rp39.500;100+ terjual
Rockbros;1;ROCKBROS BT1007 HandGrip Setang Sepeda Grips Bike dengan Handle Tanduk;Rp84.900;750+ terjual
Rockbros;1;ROCKBROS Q5 Lampu Belakang Sepeda Sensor Rem Bike Taillight SmartBrake;Rp163.900;500+ terjual
Rockbros;1;ROCKBROS WB001 Masker Sepeda Anti UV Cycling Face Mask Scarf;Rp35.500;2rb+ terjual
Rockbros;1;ROCKBROS FYZJ Phone Holder Bag Sepeda Motor Bike Waterproof Touchscren;Rp88.999;80+ terjual
Rockbros;1;ROCKBROS GJ2001 Alat Tambal Ban Sepeda Portable Repair Tire Kit;Rp16.800;250+ terjual
Rockbros;1;ROCKBROS RHL3000 Lampu Sepeda Light Lamp Bicycle 3000 Lumen Powerbank;Rp549.000;12 terjual
Rockbros;1;ROCKBROS FK810 Spakbor Sepeda MTB Depan Belakang Retractable Fender;Rp119.000;40+ terjual
Rockbros;1;ROCKBROS GJ2001 Alat Tambal Ban Sepeda Portable Repair Tire Kit;Rp16.800;250+ terjual
Rockbros;1;Holder Tempat Botol Minum Sepeda Rockbros 2016-11 Cage Bike;Rp30.000;100+ terjual
Rockbros;1;Kacamata Gowes Rockbros 10134BL Navy Kaca Mata Sepeda Photocromic Lari;Rp123.200;3 terjual
Rockbros;1;ROCKBROS GJ1601 16 in 1 Bike Tools Kit Tool Set Alat Kunci Sepeda;Rp26.000;750+ terjual
Matoa;1;buah matoa papua fresh / buah fresh matoa superan - 1 KG;Rp60.000;5 terjual
Matoa;1;Buah Matoa Papua 3Rasa Duren+Rambutan+Klengkeng Harga Grosir 500gr - 500gr;Rp25.425;500+ terjual
Matoa;1;Buah Matoa dari Papua 3rasa Duren-Klengkeng-Rambutan Murah Fresh 250gr;Rp13.255;2rb+ terjual
Matoa;1;bibit tanaman buah Matoa okulasi;Rp40.000;16 terjual
Matoa;1;Buah Matoa Papua 3Rasa Duren+Rambutan+Klengkeng Harga Grosir 250gr;Rp12.715;250+ terjual
Matoa;1;BUAH MATOA FRESH RASA DURIAN;Rp27.500;750+ terjual
Matoa;1;buah matoa 1 kg manis - MATOA;Rp32.000;250+ terjual
Matoa;1;Buah Matoa Papua 3Rasa Duren+Rambutan+Klengkeng Harga Grosir 500gr;Rp25.425;500+ terjual
Matoa;1;Buah Matoa Papua Segar Manis Fresh;Rp15.000;100+ terjual
Matoa;1;buah matoa 1 kg murah;Rp48.000;3rb+ terjual
Matoa;1;Pupuk organik booster matoa agar cepat berbuah lebat subur;Rp14.500;20 terjual
Matoa;1;buah pear hijau packham 1kg;Rp65.000;80+ terjual
Matoa;1;Pupuk Matoa Booster, Pupuk Organik Tanaman Buah, Penyubur Bibit Buah;Rp35.000;14 terjual
Matoa;1;buah pear fresh 1 kg;Rp50.000;70+ terjual
Matoa;1;BIBIT BUAH MATOA ATAU KELENGKENG IRIAN unggul;Rp55.000;5 terjual
Matoa;1;Buah Matoa segar terlaris termurah / matoa;Rp16.000;40+ terjual
Matoa;1;Buah Matoa Fresh 500 Gram;Rp33.300;100+ terjual
Matoa;1;Bibit Tanaman Matoa Super Unggul Cepat Berbuah Buah Matoa;Rp8.500;250+ terjual
Matoa;1;Buah Matoa 3 Rasa Dalam Satu Gigitan;Rp52.000;100+ terjual
Matoa;1;Buah Matoa Fresh;Rp50.000;100+ terjual
Matoa;1;Buah Matoa Segar 1 Pack Buah Asli Papua Buah Berkhasiat;Rp13.500;250+ terjual
Matoa;1;Buah Matoa dari Papua 3rasa Duren-Klengkeng-Rambutan Murah Fresh 250gr;Rp13.255;2rb+ terjual
Matoa;1;Buah Matoa 1kg;Rp55.000;70+ terjual
Matoa;1;Buah Matoa fresh 1kg / buah matoa manis;Rp65.000;9 terjual
Matoa;1;buah matoa Papua / rambutan Papua / matoa manis qualitas;Rp16.000;0
Matoa;1;buah kiwi hijau ( 500 gram);Rp55.000;70+ terjual
Matoa;1;BIBIT BUAH MATOA ATAU BUAH KELENGKENG IRIAN UNGGUL;Rp50.000;2 terjual
Matoa;1;nanas madu ( perbuah);Rp20.000;250+ terjual
Matoa;1;KING FRUIT Durian Super Montong Premium Durian 500 gram;Rp115.000;3rb+ terjual
Matoa;1;Durian Medan Kupas Beku Frozen 500 gr;Rp23.000;0
Matoa;1;Matoa pati si buah 3 rasa;Rp45.000;0
Matoa;1;Buah Matoa Khas Papua 500gr;Rp40.000;90+ terjual
Matoa;1;buah matoa super manis dan banyak air/buah langka/kg;Rp119.500;8 terjual
Matoa;1;TERLARISSS 4 KG BUAH MATOA MANIS UNIK RASA UNIK;Rp65.000;100+ terjual
Matoa;1;Buah Matoa Papua 3Rasa Duren+Rambutan+Klengkeng Harga Grosir 250gr;Rp12.715;250+ terjual
Matoa;1;Bibit Matoa Unggul;Rp5.000;100+ terjual
Matoa;1;Matoa;Rp32.500;100+ terjual
Matoa;1;Rezeki Fresh Market Matoa [0.5-0.7 kg/1 pack];Rp59.800;40+ terjual
Matoa;1;Bibit Tanaman Matoa cepat berbuah;Rp9.000;750+ terjual
Matoa;1;Bibit Tanaman Buah Matoa Hasil Cangkok;Rp35.000;100+ terjual
Matoa;1;Buah Matoa dari Papua 3rasa Duren-Klengkeng-Rambutan Murah Fresh 250gr;Rp13.255;2rb+ terjual
Matoa;1;bibit durian kanjau unik dan unggul;Rp15.000;14 terjual
Matoa;1;buah murah lengkap;Rp177.000;11 terjual
Matoa;1;bibit durian monthong super;Rp15.000;30+ terjual
Matoa;1;buah segar full komplit;Rp299.000;0
Matoa;1;BUY 1 GET 1 King Fruit Durian Premium Super Montong Duren;Rp230.000;1rb+ terjual
Matoa;1;Buah Matoa;Rp18.000;100+ terjual
Matoa;1;buah matoa khas papua 500grm;Rp55.500;22 terjual
Matoa;1;buah matoa 1 kg;Rp30.000;9 terjual
Matoa;1;TERLARISSS 2 KG BUAH MATOA ASLI PAPUA SUPER PILIHAN;Rp65.000;80+ terjual
Matoa;1;Bibit Tanaman Buah Matoa Unggul HASIL Cangkok/Sambung;Rp32.000;50+ terjual
Matoa;1;BUAH MATOA FRESH 1 KG;Rp76.500;50+ terjual
Matoa;1;buah matoa;Rp55.000;100+ terjual
Matoa;1;buah matoa;Rp60.000;250+ terjual
Matoa;1;bibit matoa super unggul jumbo;Rp7.500;12 terjual
Matoa;1;Paket 4 Pohon Matoa Papua Cangkok-Bibit Tanaman Buah Matoa Papua Asli;Rp75.000;23 terjual
Matoa;1;buah matoa 1kg;Rp55.000;250+ terjual
Matoa;1;buah matoa manis terlaris;Rp16.000;0
Matoa;1;buah matoa fresh 1 kg;Rp5.000.000;6 terjual
Matoa;1;MATOA BUAH MATOA;Rp15.900;40+ terjual
Matoa;1;BUAH MATOA PREMIUM 1 KG GRADE A;Rp94.997;250+ terjual
Matoa;1;Buah Matoa Papua;Rp53.000;13 terjual
Matoa;1;Buah Matoa / 500gram - 1kg / Fresh;Rp41.000;30+ terjual
Matoa;1;bibit pohon matoa(2meter )siap berbuah;Rp387.000;2 terjual
Matoa;1;buah matoa manis buah langka dari papua per 1 pack;Rp40.000;12 terjual
Matoa;1;Buah Matoa Asli Papua 1 kg;Rp99.900;6 terjual
Matoa;1;bibit tanaman buah matoa cangkok/ biji cepat berbuah;Rp35.000;23 terjual
Matoa;1;buah matoa 1 kg;Rp65.000;100+ terjual
Matoa;1;Bibit Matoa Merah Unggul;Rp10.000;11 terjual
Matoa;1;BUAH MATOA FRESH MANIS PER 1KG;Rp110.000;26 terjual
Matoa;1;tanaman buah matoa cepat berbuah;Rp95.000;18 terjual
Matoa;1;Buah matoa 1kg manis / buah matoa Papua 3 rasa;Rp30.000;6 terjual
Matoa;1;buah matoa 500gram|buah papua|nuri fruits|buah segar bandung|buah band;Rp42.000;100+ terjual
Matoa;1;buah matoa manis fresh/1kg;Rp95.000;19 terjual
Matoa;1;buah matoa manis premium fresh 1 kg;Rp75.000;17 terjual
Matoa;1;bibit pohon matoa tinggi (1m);Rp40.000;19 terjual
Matoa;1;buah matoa segar;Rp25.000;50+ terjual
Matoa;1;Buah matoa super fresh/pack;Rp96.500;6 terjual
Matoa;1;Matoa 500 gram / pack Buah Segari;Rp42.300;14 terjual
Matoa;1;Buah Matoa 3 rasa;Rp48.000;50+ terjual
Matoa;1;buah matoa , buah papua manis fresh 250 gram;Rp17.000;100+ terjual
Matoa;1;bibit durian monthong;Rp12.000;90+ terjual
Matoa;1;TERMURAH - KING FRUIT Durian Super Montong Premium Durian 500 gram;Rp115.000;1rb+ terjual
Matoa;1;DURIAN PAPI MONTHONG CREAMY;Rp138.000;100+ terjual
Matoa;1;Durian Lokal Frozen;Rp78.000;0
Matoa;1;bibit buah durian musangking unggul;Rp70.000;16 terjual
Matoa;2;mangga lily box 5kg matang pohon murah;Rp649.950;40+ terjual
Matoa;2;Bibit Tanaman Buah Apel Ana Manalagi Malang Segar;Rp43.000;23 terjual
Matoa;2;GROSIR.! ( 10kg ) MANGGA HARUM MANIS BESAR / MATANG POHON / BUAH SEGAR;Rp450.000;30+ terjual
Matoa;2;mangga lily masak pohon 1 kg;Rp135.000;40+ terjual
Matoa;2;Bibit jeruk keprok batu 55;Rp17.000;500+ terjual
Matoa;2;Buah Matoa 1kg;Rp89.000;21 terjual
Matoa;2;cangkok matoa;Rp175.000;40+ terjual
Matoa;2;buah matoa Papua / matoa 500gr;Rp80.000;21 terjual
Matoa;2;Buah Matoa POMETIA PINNATA papua 3 macam rasa jadi 1 murah 250gr;Rp12.995;100+ terjual
Matoa;2;BUAH MATOA 1KG;Rp10.000.000;15 terjual
Matoa;2;buah matoa 1 kg manis - MATOA;Rp32.000;250+ terjual
Matoa;2;Bibit buah petai pete hasil okulasi;Rp32.000;0
Matoa;2;Bibit Alpukat mentega jumbo;Rp17.000;1rb+ terjual
Matoa;2;Bibit Jeruk Keprok Batu 55 kondisi berbuah Bisa COD;Rp19.751;12 terjual
Matoa;2;Bibit jambu air madu deli hijau MDH super genjah;Rp17.000;500+ terjual
Matoa;2;BIBIT BUAH ALPUKAT MENTEGA WINA SUPER;Rp95.000;30+ terjual
Matoa;2;Matoa Papua;Rp29.000;14 terjual
Matoa;2;Promo Buah Matoa papua manis 1 kg;Rp89.000;16 terjual
Matoa;2;Buah Matoa;Rp64.000;6 terjual
Matoa;2;BUAH MATOA PAPUA 500GR;Rp33.000;0
Matoa;2;Matoa Super;Rp38.000;12 terjual
Matoa;2;Matoa 1kg;Rp42.000;100+ terjual
Matoa;2;Bibit Matoa Super Hasil Cangkok Tinggi 2 Meter Cepat Berbuah;Rp400.000;0
Matoa;2;Buah Matoa 1 Kg;Rp115.900;16 terjual
Matoa;2;buah matoa 1 kg;Rp55.000;1rb+ terjual
Matoa;2;Buah Matoa Super 0.5 kg /pack;Rp35.000;7 terjual
Matoa;2;Bibit Jambu Air Madu Deli Hijau - MDH Super Genjah;Rp17.000;90+ terjual
Matoa;2;Bibit Kelengkeng New Kristal Klengkeng NewKristal Lengkeng New Kristal;Rp19.500;1rb+ terjual
Matoa;2;bibit buah alpukat mentega miki unggul;Rp85.000;11 terjual
Matoa;2;Paket 5 Bibit Unggul Super Alpukat Mentega Varietas Miki;Rp250.000;0
Matoa;2;kelapa kopyor buah kelapa kopyor genjah dikupas tipis;Rp35.000;100+ terjual
Matoa;2;VIRALL Bibit Tanaman Buah Matoa Super Okulasi Stek Cangkok Unggul;Rp15.000;7 terjual
Matoa;2;MATOA BUAH - KELENGKENG NYA PAPUA;Rp50.000;50+ terjual
Matoa;2;Matoa Papua super manis 0.8 kg;Rp79.000;8 terjual
Matoa;2;Buah Matoa 500gr;Rp99.950;10 terjual
Matoa;2;buah matoa super manis & banyak air/buah langka/kg;Rp55.000;0
Matoa;2;bibit matoa berkwalitas;Rp5.000;100+ terjual
Matoa;2;pohon buah matoa siap berbuah tinggi 3_4 meter;Rp750.000;0
Matoa;2;Bibit matoa super murah cepat berbuah;Rp5.000;50+ terjual
Matoa;2;matoa buah;Rp30.000;8 terjual
Matoa;2;Terlaris Bibit buah Red Matoa asal Papua 2 meter Up;Rp389.500;7 terjual
Matoa;2;manisan mangga Cebu Lucky Premium Dried Mango 100g;Rp76.000;9 terjual
Matoa;2;buah pete langsung dari pohon harga 1lonjor;Rp2.619;500+ terjual
Matoa;2;buah matoa 1 kg|buah matoa fresh 1kg|buah matoa 3 rasa|matoa papua;Rp68.000;30+ terjual
Matoa;2;VIRAAAALLL BUAH MATOA 3 RASA TERMURAH Durian Kelengkeng Rambutan 500Gr;Rp36.250;0
Matoa;2;Bibit Tanaman Buah Matoa / Matoa Papeda Genjah;Rp12.000;30+ terjual
Matoa;2;Buah Matoa Manis 1Kg;Rp88.900;30+ terjual
Matoa;2;Bibit Pohon Matoa Merah Hasil Cangkok-Tanaman Matoa Merah Asli Super;Rp38.000;25 terjual
Matoa;2;bibit matoa 40 cm - 70 cm;Rp3.000;40+ terjual
Matoa;2;pohon matoa tinggi 2 meter;Rp300.000;1 terjual
Matoa;2;buah matoa 1 KG & 500 GRAM manis banget!!!;Rp30.000;18 terjual
Matoa;2;bibit tanaman buah matoa super okulasi;Rp22.500;0
Matoa;2;bibit matoa merah super unggul murah matoa buah unik;Rp25.000;21 terjual
Matoa;2;PROMO 5 BIBIT MATOA MERAH/ MATOA HIJAU ADA SUPER UNGGUL;Rp120.000;0
Matoa;2;Bibit Buah Kelengkeng Matoa pohon matoa;Rp57.500;9 terjual
Matoa;2;pohon matoa tinggi 3 meter siap berbuah;Rp495.000;0
Matoa;2;BUAH MATOA MANIS 1KG;Rp110.000;14 terjual
Matoa;2;TERLARISSS 2 KG BUAH SUPER PILIHAN MATOA ASLI PAPUA;Rp65.000;100+ terjual
Matoa;2;buah matoa 1kg | Rambutan papua;Rp189.000;0
Matoa;2;Buah Matoa Fresh 1 kg;Rp99.900;0
Matoa;2;Matoa Manis;Rp32.500;50+ terjual
Matoa;2;bibit pohon buah matoa;Rp13.000;5 terjual
Matoa;2;Bibit Pohon Matoa - Buah Mirip Kelengkeng Aroma Durian - Khas Papua;Rp29.900;1 terjual
Matoa;2;bibit tanaman buah matoa super unggul;Rp8.000;6 terjual
Matoa;2;Matoa buah fresh fruit;Rp69.900;8 terjual
Matoa;2;biji matoa benih;Rp10.000;0
Matoa;2;Bibit 2 Pohon Red Matoa Papua Dan Green Matoa Papua mumpung Promo;Rp58.500;8 terjual
Matoa;2;Buah Matoa Manis Segar;Rp30.000;4 terjual
Matoa;2;pohon buah matoa, siap berbuah, tinghi pohon 2 mtr;Rp300.000;0
Matoa;2;matoa buah perkilo;Rp58.000;14 terjual
Matoa;2;Bibit Pohon Matoa - Tanaman Buah Matoa Island Lychee Mirip Leci;Rp17.000;16 terjual
Matoa;2;Bibit Pohon Matoa - Buah Mirip Kelengkeng Aroma Durian - Khas Papua;Rp15.000;30+ terjual
Matoa;2;Bibit Matoa Pohon Matoa Bibit Buah Matoa Tanaman Matoa Siap Berbuah;Rp25.000;0
Matoa;2;Bibit Pohon Matoa Super Genjah Hasil Okulasi;Rp16.300;40+ terjual
Matoa;2;Terlaris Terlaris bibit matoa cangkok Termurah;Rp15.000;10 terjual
Matoa;2;MATOA PAPUA TERMURAH - SUKABUAH;Rp39.000;30+ terjual
Matoa;2;BIBIT TANAMAN MATOA SUPER MANIS;Rp17.500;30+ terjual
Matoa;2;Paket 3 Bibit Matoa Super Unggul Berkhualitas;Rp76.200;0
Matoa;3;buah matoa papua fresh / buah fresh matoa superan - 1 KG;Rp60.000;5 terjual
Matoa;3;Buah Matoa Papua 3Rasa Duren+Rambutan+Klengkeng Harga Grosir 500gr - 500gr;Rp25.425;500+ terjual
Matoa;3;Buah Matoa dari Papua 3rasa Duren-Klengkeng-Rambutan Murah Fresh 250gr;Rp13.255;2rb+ terjual
Matoa;3;bibit tanaman buah Matoa okulasi;Rp40.000;16 terjual
Matoa;3;Buah Matoa Papua 3Rasa Duren+Rambutan+Klengkeng Harga Grosir 250gr;Rp12.715;250+ terjual
Matoa;3;Buah Matoa Segar Perpack ;Rp65.000;3 terjual
Matoa;3;buah matoa fresh 1 kg;Rp53.900;2 terjual
Matoa;3;buah matoa 1kg fresh;Rp50.000;70+ terjual
Matoa;3;Bibit Tanaman Buah Matoa Okulasi Stek TGBU1;Rp17.000;18 terjual
Matoa;3;Bibit Pohon Matoa - Buah Matoa - Tanaman Island Lychee - Mirip Leci;Rp17.000;100+ terjual
Matoa;3;Pupuk organik booster matoa agar cepat berbuah lebat subur;Rp14.500;20 terjual
Matoa;3;buah pear hijau packham 1kg;Rp65.000;80+ terjual
Matoa;3;Pupuk Matoa Booster, Pupuk Organik Tanaman Buah, Penyubur Bibit Buah;Rp35.000;14 terjual
Matoa;3;buah pear fresh 1 kg;Rp50.000;70+ terjual
Matoa;3;BIBIT BUAH MATOA ATAU KELENGKENG IRIAN unggul;Rp55.000;5 terjual
Matoa;3;buah matoa manis fresh 1kg;Rp135.000;6 terjual
Matoa;3;Bibit Tanaman Buah Matoa;Rp35.000;28 terjual
Matoa;3;Buah Matoa Segar 1kg / peck;Rp99.550;11 terjual
Matoa;3;Buah Matoa Segar Manis ada 3rasa /1kg;Rp90.000;4 terjual
Matoa;3;buah matoa 500gr;Rp35.000;10 terjual
Matoa;3;Buah Matoa Dari Papua 3rasa fresh;Rp155.000;13 terjual
Matoa;3;Matoa / 1Kg;Rp31.000;100+ terjual
Matoa;3;Bibit buah Red Matoa 1,5 Meter Aslil Papua;Rp150.000;2 terjual
Matoa;3;Bibit Buah Matoa Manis Garansi Valid;Rp78.500;2 terjual
Matoa;3;2 Bibit Buah Matoa Super Manis;Rp9.000;40+ terjual
Matoa;3;buah kiwi hijau ( 500 gram);Rp55.000;70+ terjual
Matoa;3;BIBIT BUAH MATOA ATAU BUAH KELENGKENG IRIAN UNGGUL;Rp50.000;2 terjual
Matoa;3;nanas madu ( perbuah);Rp20.000;250+ terjual
Matoa;3;BUAH NIPAH KUPAS;Rp55.000;5 terjual
Matoa;3;Buah Rambutan Binjai Manis Garing Nglotok Enak Segar Fresh 500gr - 500gr;Rp9.975;250+ terjual
Matoa;3;bibit tanaman buah Matoa okulasi;Rp40.000;16 terjual
Matoa;3;buah matoa segar;Rp35.000;30+ terjual
Matoa;3;PROMO 5 BIBIT MATOA MERAH/ MATOA HIJAU ADA SUPER UNGGUL;Rp100.000;0
Matoa;3;buah matoa 1 kg;Rp55.000;40+ terjual
Matoa;3;buah matoa 1 kg;Rp59.000;0
Matoa;3;BIBIT POHON MATOA JENIS OKULASI - CANGKOK PEMBIBITAN TBTJ15;Rp146.000;0
Matoa;3;Bibit Pohon Matoa - Tanaman Buah Matoa - Buah Langka;Rp30.000;28 terjual
Matoa;3;MATOA IRIANJAYA BUAH FRESH SEGAR MANIS PANEN PILIHAN PREMIUM TERLARIS;Rp55.888;3 terjual
Matoa;3;PROMO TERBATAS bibit matoa merah 1,5m;Rp314.000;0
Matoa;3;Bibit Buah Matoa merah Jumbo ¬±2 Meter - Hasil Okulasi Berkualitas;Rp100.000;0
Matoa;3;KING FRUIT Durian Super Montong Premium Durian 500 gram;Rp115.000;3rb+ terjual
Matoa;3;Durian Medan Kupas Beku Frozen 500 gr;Rp23.000;0
Matoa;3;Buah Rambutan Manis Segar Fresh Enak Nikmat Toko Buah Termurah 500gr;Rp9.950;100+ terjual
Matoa;3;BUY 1 GET 1 King Fruit Durian Premium Super Montong Duren;Rp230.000;1rb+ terjual
Matoa;3;Bonssai Sianci Kecut Program Batang Meliuk-liuk.;Rp230.000;2 terjual
Matoa;3;bibit pohon buah matoa;Rp15.500;30+ terjual
Matoa;3;BIBIT TANAMAN MATOA UNGGUL/ POHON BUAH MATOA TINGGI 80CM UP;Rp25.000;2 terjual
Matoa;3;pohon matoa ukuran 1meter;Rp65.000;28 terjual
Matoa;3;pohon matoa tinggi 2 meter;Rp300.000;2 terjual
Matoa;3;Matoa (Asli Papua) -/+ 500 Gr / Pack Fresh Pometia Pinnata Buah Segar;Rp42.875;4 terjual
Matoa;3;buah matoa fresh 1 kg;Rp40.000;0
Matoa;3;BUAH MATOA TIGA RASA PREMIUM FRESH;Rp100.000;100+ terjual
Matoa;3;buah matoa 1 kg|buah matoa papua|buah papua|buah matoa manis;Rp64.900;12 terjual
Matoa;3;pohon matoa tinggi 2 meter;Rp300.000;2 terjual
Matoa;3;Bibit Unggul Kelengkeng Matoa Bibit Tanaman;Rp15.000;16 terjual
Matoa;3;Bibit buah matoa ( biji buah matoa );Rp2.000;80+ terjual
Matoa;3;TERLARISSS 6 KG BUAH MATOA MANIS UNIK RASA UNIK;Rp65.000;30+ terjual
Matoa;3;BIBIT POHON MATOA SUPER UNGGUL;Rp45.000;0
Matoa;3;Bibit Tanaman Buah Matoa Papeda Genjah;Rp22.000;1 terjual
Matoa;3;Bibit Pohon Matoa - Buah Mirip Kelengkeng Aroma Durian - Khas Papua;Rp20.000;30+ terjual
Matoa;3;Buah Matoa Segar (pack);Rp88.800;11 terjual
Matoa;3;Bibit Tanaman Buah Matoa Merah Cangkok-Pohon Matoa Merah Hasil Cangkok;Rp35.000;4 terjual
Matoa;3;HARGA DI BANTING Terlaris KWALITAS TERBAIK Bibit Tanaman Buah Matoa;Rp21.000;0
Matoa;3;TERLARISSS BUAH MATOA ASLI PAPUA SUPER PILIHAN;Rp65.000;40+ terjual
Matoa;3;Bibit Tanaman Matoa Super Unggul;Rp5.000;2 terjual
Matoa;3;Buah Matoa Asli Papua -+ 700 grm;Rp72.900;2 terjual
Matoa;3;buah matoa500gram|buah matoa manis|buah segar|bandung;Rp37.500;10 terjual
Matoa;3;TERLARISSS 5 KG BUAH MATOA ASLI PAPUA TIGA RASA BUAH DALAM SATU BUAH;Rp65.000;0
Matoa;3;Promo Bibit Tanaman Matoa Super Unggul Cepat Berbuah Buah Matoa Best;Rp143.000;0
Matoa;3;Bibit Tanaman Buah Matoa Pohon Buah Matoa;Rp15.000;0
Matoa;3;bibit tanaman buah matoa cepat berbuah manis;Rp40.000;0
Matoa;3;bibit pohon matoa 70cm up / lengkeng irian buah matoa;Rp35.000;21 terjual
Matoa;3;bibit tanaman matoa ;Rp15.000;8 terjual
Matoa;3;bibit pohon buah matoa unggul;Rp12.000;0
Matoa;3;Bibit Tanaman Matoa cepat berbuah Termurah;Rp9.000;3 terjual
Matoa;3;buah matoa rasa durian fres harga per mika;Rp17.000;2 terjual
Matoa;3;HARGA PROMO Bibit Tanaman Buah Matoa Kelapa Unggul Agro Wisatani;Rp29.000;1 terjual
Matoa;3;Bibit Buah Matoa Cangkok Cepat berbuah Tinggi 2M Kondisi Rimbun;Rp375.000;0
Matoa;3;bibit matoa merah paket 4 bibit murah cepat berbuah;Rp85.000;1 terjual
Matoa;3;BIBIT TANAMAN BUAH MATOA SUPER UNGGUL/ BIBIT MATOA MERAH;Rp22.000;0
Matoa;3;TERMURAH - KING FRUIT Durian Super Montong Premium Durian 500 gram;Rp115.000;1rb+ terjual
Matoa;3;Durian Lokal Frozen;Rp78.000;0
Matoa;3;bibit buah durian musangking unggul;Rp70.000;16 terjual
Matoa;3;HORMON Buah Durian Montong Agar Cepat Berbuah, Pupuk Giberelin pelebat;Rp47.000;40+ terjual
Matoa;3;Durian Lokal Nusantara Super Premium - Frozen;Rp90.000;8 terjual
Matoa;4;klengkeng;Rp55.000;100+ terjual
Matoa;4;Bibit Alpukat Mentega Buah Alpukat Pohon Alpukat;Rp18.500;750+ terjual
Matoa;4;mangga lily box 5kg matang pohon murah;Rp649.950;40+ terjual
Matoa;4;Bibit Tanaman Buah Apel Ana Manalagi Malang Segar;Rp43.000;23 terjual
Matoa;4;GROSIR.! ( 10kg ) MANGGA HARUM MANIS BESAR / MATANG POHON / BUAH SEGAR;Rp450.000;30+ terjual
Matoa;4;Paket 4 Bibit Tanaman Matoa Papua Cangkok -Pohon Buah Matoa Asli Papua;Rp100.000;1 terjual
Matoa;4;Bibit Tanaman Buah Matoa;Rp15.500;9 terjual
Matoa;4;ü•® BUAH MATOA PREMIUM 1 KG GRADE A;Rp40.000;0
Matoa;4;Bibit Tanaman Matoa Jumbo Super Unggul Cepat Berbuah;Rp15.000;0
Matoa;4;buah matoa (pometia pinnata );Rp63.500;26 terjual
Matoa;4;mangga lily masak pohon 1 kg;Rp135.000;40+ terjual
Matoa;4;Bibit jeruk keprok batu 55;Rp17.000;500+ terjual
Matoa;4;Bibit buah petai pete hasil okulasi;Rp32.000;0
Matoa;4;Bibit Alpukat mentega jumbo;Rp17.000;1rb+ terjual
Matoa;4;Bibit Jeruk Keprok Batu 55 kondisi berbuah Bisa COD;Rp19.751;12 terjual
Matoa;4;Bibit Tanaman Buah Matoa Super Bibit Buah Matoa Cangkok Bibit Matoa;Rp9.000;0
Matoa;4;BIBIT TANAMAN BUAH MATOA MERAH UNGGUL VALID;Rp25.000;30+ terjual
Matoa;4;buah matoa papua fresh / buah fresh matoa superan;Rp60.000;5 terjual
Matoa;4;Buah Matoa;Rp100.000;100+ terjual
Matoa;4;bibit pohon matoa 70cm up / lengkeng irian buah matoa;Rp40.000;30+ terjual
Matoa;4;bibit matoa;Rp5.500;0
Matoa;4;biji benih buah matoa fruit;Rp3.000;0
Matoa;4;bibit tanaman buah matoa kualitas unggul;Rp23.900;14 terjual
Matoa;4;Bibit Buah Matoa Hasil Cangkok Tinggi 1,5 - 2 Meter Cepat Berbuah;Rp185.000;0
Matoa;4;Matoa Manis Buah Segar ;Rp55.000;1 terjual
Matoa;4;Bibit jambu air madu deli hijau MDH super genjah;Rp17.000;500+ terjual
Matoa;4;BIBIT BUAH ALPUKAT MENTEGA WINA SUPER;Rp95.000;30+ terjual
Matoa;4;Bibit Jambu Air Madu Deli Hijau - MDH Super Genjah;Rp17.000;90+ terjual
Matoa;4;Bibit Kelengkeng New Kristal Klengkeng NewKristal Lengkeng New Kristal;Rp19.500;1rb+ terjual
Matoa;4;bibit buah alpukat mentega miki unggul;Rp85.000;11 terjual
Matoa;4;daun matoa segar;Rp27.500;0
Matoa;4;spesial promo buah matoa manis per 2 kg;Rp240.000;4 terjual
Matoa;4;SALE!! BIBIT TANAMAN BUAH MATOA CANGKOK/ BIJI CEPAT BERBUAH;Rp142.000;0
Matoa;4;Matoa Papua;Rp25.000;2 terjual
Matoa;4;bibit buah matoa okulasi;Rp40.000;0
Matoa;4;BIBIT TANAMAN BUAH MATOA;Rp15.000;30+ terjual
Matoa;4;buah matoa Papua / rambutan Papua / matoa manis qualitas 100gr;Rp16.000;0
Matoa;4;Fahmibibit Ready Bibit Matoa Pohon Buah Matoa Hasil Okulasi Cangkok;Rp24.000;0
Matoa;4;buah matoa 500 gram;Rp24.000;1 terjual
Matoa;4;buah matoa 1 kg;Rp70.000;5 terjual
Matoa;4;Paket 5 Bibit Unggul Super Alpukat Mentega Varietas Miki;Rp250.000;0
Matoa;4;kelapa kopyor buah kelapa kopyor genjah dikupas tipis;Rp35.000;100+ terjual
Matoa;4;manisan mangga Cebu Lucky Premium Dried Mango 100g;Rp76.000;9 terjual
Matoa;4;buah pete langsung dari pohon harga 1lonjor;Rp2.619;500+ terjual
Matoa;4;buah matoa Papua / rambutan Papua / matoa manis qualitas premium 100gr;Rp16.000;0
Matoa;4;Bibit tanaman bibit matoa -Bibit matoa cangkok/biji /akulasi AT14;Rp50.000;0
Matoa;4;Bibit Matoa Hasil Okulasi Cepat Berbuah Tabulampot;Rp30.000;14 terjual
Matoa;4;Bibit Buah Matoa - Tanaman Buah Mirip lengkeng Aroma Durian Khas Papua;Rp20.000;9 terjual
Matoa;4;bibit tanaman buah matoa unggul benih pohon di dalam pot tabulampot;Rp8.500;5 terjual
Matoa;4;Best Seller Buah Matoa Fresh 1 Kg Ready Kak;Rp7.450.000;0
Matoa;4;bibit matoa cangkok batang besar;Rp350.000;1 terjual
Matoa;4;Miliki Pohon Matoa Tinggi 2 Meter;Rp490.000;0
Matoa;4;bibit tanaman buah matoa unggul;Rp35.500;1 terjual
Matoa;4;Bibit Tanaman Pohon Buah Matoa / Pometia pinnata Murah Berkualitas;Rp35.000;10 terjual
Matoa;4;Terlaris Paling Laris Bibit Tanaman Buah Matoa Okulasi Stek Cangkok;Rp14.000;3 terjual
Matoa;4;Terlaris BIBIT TANAMAN BUAH MATOA SUPER MANIS / Cepat berbuah stek;Rp44.000;0
Matoa;4;buah matoa 1kg - 500 gram terjamin;Rp175.000;11 terjual
Matoa;4;Buah matoa super fresh baru petik 1kg;Rp40.000;0
Matoa;4;Buah Matoa Lokal 250-300 Gram 1 Pack Buahan;Rp30.000;5 terjual
Matoa;4;Bibit Tanaman Buah Matoa-Bibit Matoa-Bibit Matoa Cangkok Okulasi -BB1;Rp16.000;0
Matoa;4;MATOA FRESH MANIS;Rp65.000;5 terjual
Matoa;4;Bibit Matoa super Murah (Bayar di tempat);Rp6.000;3 terjual
Matoa;4;Bibit tanaman buah matoa merah super cepat berbuah BBBB;Rp30.000;0
Matoa;4;4 Bibit Matoa Berkualitas;Rp140.000;0
Matoa;4;Bibit Tanaman Buah Matoa Okulasi Siap Berbuah | Pohon Matoa AA66;Rp76.000;0
Matoa;4;Tanaman Matoa 60cm;Rp35.000;3 terjual
Matoa;4;BARANG TERLARIS BIBIT POHON MATOA(2METER )SIAP BERBUAH READYY;Rp558.000;0
Matoa;4;Benih Bibit Pohon Matoa - Buah Mirip Kelengkeng Aroma Durian - Khas;Rp83.000;0
Matoa;4;Bibit Tanaman Buah Matoa-Bibit Matoa Cangkok Okulasi Hasil Sambung -;Rp12.000;0
Matoa;4;,(KEBUN TROPIS) BIBIT MATOA JUMBO CEPAT BERBUAH;Rp35.000;0
Matoa;4;SALE TERBATAS bibit pohon matoa(2meter )siap berbuah;Rp604.000;0
Matoa;4;Diskon Paket 4 Pohon Matoa Papua Cangkok-Bibit Tanaman Buah Matoa;Rp130.000;0
Matoa;4;bibit matoa tinggi 2 meter;Rp145.000;1 terjual
Matoa;4;Paket 4 Pohon Matoa Papua Cangkok-Bibit Tanaman Buah Matoa Papua Asli;Rp121.000;0
Matoa;4;Bibit Tanaman Buah Matoa Murah Berkualitas Matoa Buah Dari Papua;Rp10.000;0
Matoa;4;Spesial Bibit Tanaman Buah Matoa Okulasi Siap Berbuah | Pohon Matoa;Rp84.000;0
Matoa;4;Promo|New|Terbaru bibit pohon matoa(2meter )siap berbuah;Rp685.000;0
Matoa;4;buah matoa 1kg fresh (PO 6/7);Rp50.000;0
Matoa;4;promo 5 bibit tanaman buah matoa merah / matoa hijau super genjah;Rp85.500;3 terjual
Matoa;5;buah matoa papua fresh / buah fresh matoa superan - 1 KG;Rp60.000;5 terjual
Matoa;5;Buah Matoa Papua 3Rasa Duren+Rambutan+Klengkeng Harga Grosir 500gr;Rp25.425;500+ terjual
Matoa;5;Buah Matoa dari Papua 3rasa Duren-Klengkeng-Rambutan Murah Fresh 250gr;Rp13.255;2rb+ terjual
Matoa;5;bibit tanaman buah Matoa okulasi;Rp40.000;16 terjual
Matoa;5;Buah Matoa Papua 3Rasa Duren+Rambutan+Klengkeng Harga Grosir 250gr;Rp12.715;250+ terjual
Matoa;5;pohon matoa tinggi 2 meter;Rp300.000;0
Matoa;5;BARU DATANG Bibit Tanaman Buah Matoa-Bibit Matoa-Bibit Matoa Cangkok &;Rp20.000;0
Matoa;5;bibit buah matoa jumbo agro tanaman;Rp40.000;1 terjual
Matoa;5;Terlaris bibit tanaman buah matoa okulasi super unggul LARIS;Rp15.000;1 terjual
Matoa;5;Bibit Tanaman Buah Kelengkeng Matoa Island Lychee;Rp45.000;5 terjual
Matoa;5;Pupuk organik booster matoa agar cepat berbuah lebat subur;Rp14.500;20 terjual
Matoa;5;buah pear hijau packham 1kg;Rp65.000;80+ terjual
Matoa;5;Pupuk Matoa Booster, Pupuk Organik Tanaman Buah, Penyubur Bibit Buah;Rp35.000;14 terjual
Matoa;5;buah pear fresh 1 kg;Rp50.000;70+ terjual
Matoa;5;BIBIT BUAH MATOA ATAU KELENGKENG IRIAN unggul;Rp55.000;5 terjual
Matoa;5;buah matoa manis dan fresh/500gram;Rp55.000;0
Matoa;5;alat panen buah mangga, matoa, jambu, alpukat dll;Rp16.500;3 terjual
Matoa;5;Bibit Buah Matoa unggul dan Berkuwalitas';Rp24.500;0
Matoa;5;Ready buah matoa fresh 1 kg Ready ya kak;Rp2.310.000;0
Matoa;5;Murah promo 5 bibit tanaman buah matoa merah / matoa hijau super;Rp173.000;0
Matoa;5;TERBAIK Terlaris Obral Bibit Tanaman Buah Matoa Merah Super Murah a;Rp18.000;0
Matoa;5;Buah Matoa papua perpaduan rasa lengkeng rambutan durian dan leci - kg;Rp69.000;5 terjual
Matoa;5;BUAH MATOA 1KG;Rp65.000;0
Matoa;5;Bibit Tanaman Buah Matoa Merah-Pohon Matoa Merah Super Manis;Rp27.000;3 terjual
Matoa;5;Pohon Matoa Cangkok-Bibit Tanaman Buah Matoa Cangkok;Rp35.000;0
Matoa;5;nanas madu ( perbuah);Rp20.000;250+ terjual
Matoa;5;BIBIT BUAH MATOA ATAU BUAH KELENGKENG IRIAN UNGGUL;Rp50.000;2 terjual
Matoa;5;buah kiwi hijau ( 500 gram);Rp55.000;70+ terjual
Matoa;5;Buah Gandaria / Buah Jatake 1kg;Rp18.999;0
Matoa;5;KING FRUIT Durian Super Montong Premium Durian 500 gram;Rp115.000;3rb+ terjual
Matoa;5;matoa 300gr;Rp38.900;1 terjual
Matoa;5;bibit pohon matoa(2 meter ) siap berbuah;Rp387.000;0
Matoa;5;Bibit Tanaman Buah Matoa Okulasi Stek TGBU1 EE13;Rp17.000;0
Matoa;5;bibit matoa berkwalitas;Rp5.000;0
Matoa;5;TERLARISSS 6 KG BUAH SUPER PILIHAN MATOA ASLI PAPUA;Rp65.000;40+ terjual
Matoa;5;BUAH MATOA 2 KG DAGING EMPUK MANIS PASTI NAMBAH LAGI;Rp65.000;80+ terjual
Matoa;5;MANIS bibit taama buah matoa super okulasi;Rp23.000;0
Matoa;5;Bibit buah matoa merah jumbo sambung;Rp60.000;0
Matoa;5;Bibit Tanaman Buah Matoa Super Unggulan;Rp40.000;6 terjual
Matoa;5;Bibit buah Matoa manis berkualitas unggul | Buah Matoa manis;Rp9.250;0
Matoa;5;Durian Medan Kupas Beku Frozen 500 gr;Rp23.000;0
Matoa;5;bibit durian kanjau unik dan unggul;Rp15.000;14 terjual
Matoa;5;buah murah lengkap;Rp177.000;11 terjual
Matoa;5;bibit durian monthong super;Rp15.000;30+ terjual
Matoa;5;BUY 1 GET 1 King Fruit Durian Premium Super Montong Duren;Rp230.000;1rb+ terjual
Matoa;5;buah matoa fresh tiga varian rasa;Rp75.000;2 terjual
Matoa;5;Bibit Matoa Manis Unggul Siap Tanam Harga Murah;Rp15.000;10 terjual
Matoa;5;Promo Bibit Tanaman Buah Matoa Hasil Cangkok Terlaris;Rp161.000;0
Matoa;5;3 BUTIR BIJI/BENIH BUAH MATOA | LEUNGSIR | POMETIA PINNATA;Rp4.900;0
Matoa;5;PROMO BIBIT TANAMAN MATOA BIBIT MATOA SUPER ASLI PAPUA;Rp38.400;0
Matoa;5;Diskon Bibit Matoa Merah 1,5M;Rp310.000;0
Matoa;5;bibit tanaman buah matoa super okulasi EE15;Rp23.000;0
Matoa;5;Buah Matoa Fresh Dari Papua ;Rp78.000;1 terjual
Matoa;5;Bibit Pohon Matoa - Buah Mirip Kelengkeng Aroma Durian - Khas Papua;Rp30.000;1 terjual
Matoa;5;BIBIT TANAMAN/POHON MATOA UNGGUL SIAP TANAM zzzzz;Rp8.000;0
Matoa;5;Buah matoa / segar / 500 gram;Rp50.074;2 terjual
Matoa;5;Spesial Bibit Tanaman Buah Matoa Unggul Hasil Cangkok/Sambung;Rp71.000;0
Matoa;5;Diskon Bibit Matoa Asli Bergaransi, Pohon Buah Matoa Unggul Valid;Rp103.000;0
Matoa;5;bibit matoa;Rp5.500;0
Matoa;5;bibit buah matoa papua super genjah(beli 5 gratis 1);Rp7.000;0
Matoa;5;üîÖ Buah Matoa Papua Segar Manis Fresh;Rp32.000;0
Matoa;5;Terlaris Bibit Matoa Jumbo Super Unggul Cepat Berbuah;Rp14.000;0
Matoa;5;Miliki Bibit Matoa Merah 1,5M;Rp315.000;0
Matoa;5;New Bibit Matoa Merah 1,5M Top Quality;Rp360.000;0
Matoa;5;Pometia Pinnata | Pohon Buah Matoa Island Lychee | Tambulapot Bonsai;Rp95.000;0
Matoa;5;buah matoa 1 kg segar dari papua;Rp55.000;0
Matoa;5;Terjangkau Bibit Pohon Matoa(2Meter )Siap Berbuah;Rp630.000;0
Matoa;5;Buah Matoa 500gr;Rp55.900;0
Matoa;5;Bibit tanaman buah matoa;Rp35.000;3 terjual
Matoa;5;TERBAIK POOLLL Terlaris Bibit matoa mentoa rasa durian rambutan FRESS;Rp15.000;0
Matoa;5;bibit buah matoa unggul berkualitas;Rp33.000;1 terjual
Matoa;5;BARANG TERLARIS BIBIT MATOA MERAH 1,5M READYY;Rp280.000;0
Matoa;5;HARGA DI BANTING Terlaris KWALITAS TERBAIK Bibit Tanaman Buah Matoa;Rp21.000;0
Matoa;5;Buah Matoa Madu | Matoa Madu Manis 500 Grm;Rp55.800;3 terjual
Matoa;5;PROMO tanaman buah matoa cepat berbuah terbaru;Rp220.000;0
Matoa;5;alat pembungkus brongsong buah matoa kelengkeng kotbya 7351qf;Rp34.000;0
Matoa;5;Bibit Tanaman Buah Matoa Kelapa Unggul Agro Wisatani EE20;Rp29.000;0
Matoa;5;Bibit Pohon Matoa - Tanaman Buah Matoa Island Lychee Mirip Leci EE15;Rp20.000;0
Matoa;5;Bibit Tanaman Buah Matoa;Rp42.500;21 terjual
Matoa;5;üëç Buah Matoa Papua Segar Manis Fresh;Rp32.000;0
Matoa;5;DURIAN PAPI MONTHONG CREAMY;Rp138.000;100+ terjual
Matoa;5;TERMURAH - KING FRUIT Durian Super Montong Premium Durian 500 gram;Rp115.000;1rb+ terjual
Matoa;5;Durian Lokal Frozen;Rp78.000;0
Matoa;5;Durian Lokal Nusantara Super Premium - Frozen;Rp90.000;8 terjual
Matoa;5;Buah kelapa kopyor genjah segar murah langsung dari pohon sendiri;Rp35.000;100+ terjual
konichiwa;1;DRESS ANAK KONICHIWA EBV Baju Dress Anak Perempuan Import - Grey, M;Rp114.400;2 terjual
konichiwa;1;Sandal konichiwa;Rp65.000;60+ terjual
konichiwa;1;Sprei Anak Beverly 120x200 100x200 90x200 Hello Kitty Konichiwa;Rp112.500;3 terjual
konichiwa;1;Kaos Tulisan Jepang - KONICHIWA - Baju Kaos Distro Pria Murah - FPC ID;Rp34.500;26 terjual
konichiwa;1;[EP] Yuki Saito - Kanashimi yo Konichiwa (Maison Ikkoku);Rp140.000;0
konichiwa;1;KONICHIWA Sandal Jepit Dewasa Series 5;Rp123.000;0
konichiwa;1;KONICHIWA - Sarung Tangan Latex/Lateks | Gloves Isi 100;Rp36.500;0
konichiwa;1;konichiwa eyewear frame kacamata pure asetat 72011 kacamata cateye;Rp115.000;0
konichiwa;1;Diskon Harga Buku Travelling / Konichiwa Japan! / Buku Tentang Jepang;Rp91.800;0
konichiwa;1;[LP] Ito Tsukasa - Sayonara, Konichiwa (Yume Miru Season) Vinyl PH;Rp260.000;0
konichiwa;1;Little Fresco - Kaos Anak Tee Sushi Favorite Khaki - size 3;Rp63.600;0
konichiwa;1;T-Shirt Karakter Korean Cute / Kaos Distro Anak - Koya, S ( 1-2 Thn );Rp37.500;0
konichiwa;1;seventeen topokki;Rp50.000;0
konichiwa;1;POP IT JUMBO XL BUTTERFLY / popit tiktok viral kado;Rp79.000;40+ terjual
konichiwa;1;POP IT JUMBO XXXL RAINBOW BIG BOW / popit tiktok pita viral hadiah;Rp139.000;3 terjual
konichiwa;1;Buku Travelling / Konichiwa Japan! / Buku tentang Jepang / Buku Travel;Rp31.900;10 terjual
konichiwa;1;KONICHIWA Jepit Sandal Dewasa 5 Series;Rp182.000;0
konichiwa;1;Promo Sandal Konichiwa Abstract Pop - Navy Blue - Women Murah;Rp192.400;0
konichiwa;1;Penghapus lucu smiggle konichiwa eraser set;Rp70.000;0
konichiwa;1;konichiwa eyewear frame kacamata pure asetat 72006 kacamata cateye;Rp120.000;0
konichiwa;1;sandal anak no 6 konichiwa;Rp105.000;0
konichiwa;1;Sandal konichiwa (=);Rp84.000;0
konichiwa;1;SANDAL ANAK KONICHIWA UNISEX KIDS;Rp70.000;0
konichiwa;1;Konichiwa Nihongo Jilid 1 untuk Siswa SMA Kelas X;Rp80.000;0
konichiwa;1;Buku Travelling / Konichiwa Japan!;Rp52.200;0
konichiwa;1;Khusus Buku Travelling / Konichiwa Japan! / Buku Tentang Jepang / Buku;Rp87.465;0
konichiwa;1;Kaos japan jepang konichiwa salur garis cowok distro pria;Rp45.000;0
konichiwa;1;KAOS DISTRO KONICHIWA TULISAN JEPANG;Rp35.999;0
konichiwa;1;Buku Traveling : Konichiwa Japan!;Rp58.000;5 terjual
konichiwa;1;Obral Buku Travelling / Konichiwa Japan! / Buku Tentang Jepang / Buku;Rp89.760;0
konichiwa;1;BAJU KAOS KONICHIWA TULISAN JEPANG T-SHIRT;Rp49.999;1 terjual
konichiwa;1;SPREI SET KATUN STAR MOTIF KONICHIWA UKURAN 90 sd 200;Rp115.000;0
konichiwa;1;BEDCOVER SET KATUN STAR MOTIF KONICHIWA UKURAN 140 sd 200;Rp455.000;0
konichiwa;1;BEDCOVER SET KATUN STAR MOTIF KONICHIWA UKURAN 90 sd 120;Rp340.000;0
konichiwa;1;Promo Sarung Tangan Latex non Powder merk Konichiwa ukuran L Limited;Rp89.000;0
konichiwa;1;Jual SANDAL ANAK KONICHIWA UNISEX KIDS Murah;Rp107.500;0
konichiwa;1;Perempuan Anak bayi bayi Bayi KONICHIWA Anak Import Dress heybaby Gaun;Rp135.000;0
konichiwa;1;Frame kacamata minus bulat konichiwa + lensa antiradiasi;Rp99.000;0
konichiwa;1;Frame kacamata bulat konichiwa;Rp59.000;0
konichiwa;1;Terapik heybaby DRESS KONICHIWA EBV Baju Dress Anak Perempuan Import;Rp85.000;0
konichiwa;1;Colourpop X hello kitty lipstick (konichiwa);Rp100.000;0
konichiwa;1;Bedcover Set Anti Geser Motif HK KONICHIWA UK 120X200-200X200;Rp350.000;1 terjual
konichiwa;1;Bantal Terapi Sakura / Konichiwa Bantal Panas Belt + Magnet Tipis;Rp201.000;0
konichiwa;1;Bedcover Set Beverly 120x200 90x200 100x200 Hello Kitty Konichiwa;Rp365.000;0
konichiwa;1;Sprei Anak Katun Lokal 120x200 9x200 100x200 Hello Kitty Konichiwa;Rp180.000;0
konichiwa;1;Buku Travelling : KONICHIWA JAPAN! - Buku tentang Jepang;Rp84.000;0
konichiwa;1;SPREI SET KATUN PREMIUM BEVERLY HK KONICHIWA MERAH;Rp120.000;0
konichiwa;1;SPREI SET KATUN PREMIUM BEVERLY HK KONICHIWA PINK;Rp120.000;0
konichiwa;1;BEDCOVER + SPREI SET KATUN PREMIUM BEVERLY HK KONICHIWA MERAH;Rp365.000;0
konichiwa;1;HappyOliver KONICHIWA Import Anak Dress Baju DRESS EBV Perempuan;Rp134.000;0
konichiwa;1;Konichiwa 65ml Parfum Dokyo J15 Pheromone 100% Original Jepang;Rp260.000;5 terjual
konichiwa;1;heybaby DRESS KONICHIWA EBV Baju Dress Anak Perempuan Import Dress;Rp86.000;0
konichiwa;1;Konichiwa jacket jeans;Rp155.000;0
konichiwa;1;PROMO SANDAL KONICHIWA BERKUALITAS;Rp207.000;0
konichiwa;1;HappyOliver DRESS KONICHIWA EBV Baju Dress Anak Perempuan Import;Rp142.000;0
konichiwa;1;MYS243- HappyOliver DRESS KONICHIWA EBV Baju Dress Anak Perempuan Impo;Rp918.000;0
konichiwa;1;Paket lensa minus - frame kacamata pria wanita konichiwa Ready;Rp139.000;0
konichiwa;1;heybaby DRESS KONICHIWA EBV Baju Dress Anak Perempuan Import Dress;Rp1.049.000;0
konichiwa;1;VQ325 kaos distro pria konichiwa allsize ld98cm cotton 30s;Rp83.900;0
konichiwa;1;FYN244- HappyOliver DRESS KONICHIWA EBV Baju Dress Anak Perempuan Impo;Rp918.000;0
konichiwa;1;Sprei Bedcover Katun Star HK konichiwa r uk 200|180|160|140|120|100|90;Rp360.000;0
konichiwa;1;PROMO Buku Travelling / Konichiwa Japan! / Buku tentang Jepang / Buku;Rp66.000;0
konichiwa;1;HappyOliver DRESS KONICHIWA EBV Baju Dress Anak Perempuan Import;Rp144.000;0
konichiwa;1;Paket lensa minus - frame kacamata pria wanita konichiwa;Rp166.000;0
konichiwa;1;cetak dus konichiwa;Rp2.875.000;0
konichiwa;1;Produk heybaby DRESS KONICHIWA EBV Baju Dress Anak Perempuan Import;Rp1.166.000;0
konichiwa;2;DRESS ANAK KONICHIWA EBV Baju Dress Anak Perempuan Import - Grey, M;Rp114.400;2 terjual
konichiwa;2;Hosomen ramen kecil;Rp30.000;3rb+ terjual
konichiwa;2;MAITATOS BT21 PASTI RAME - RASA KOREAN BARBEQUE ISI 4;Rp26.700;14 terjual
konichiwa;2;seventeen topokki;Rp50.000;0
konichiwa;2;POP IT XXXL PASTEL STRAWBERRY PREMIUM / rainbow popit tiktok bubble;Rp169.000;21 terjual
konichiwa;2;HappyOliver DRESS KONICHIWA EBV Baju Dress Anak Perempuan Import;Rp116.000;0
konichiwa;2;MYS243- heybaby DRESS KONICHIWA EBV Baju Dress Anak Perempuan Import a;Rp925.000;0
konichiwa;2;HappyOliver DRESS KONICHIWA EBV Baju Dress Anak Perempuan Import;Rp152.000;0
konichiwa;2;Sprei Anak Motif Konichiwa By Katun Star, Seprei Katun Lokal;Rp366.000;0
konichiwa;2;Sandal konichiwa üëö;Rp85.000;0
konichiwa;2;POP IT JUMBO XL BUTTERFLY / popit tiktok viral kado;Rp79.000;40+ terjual
konichiwa;2;POP IT JUMBO XXXL RAINBOW BIG BOW / popit tiktok pita viral hadiah;Rp139.000;3 terjual
konichiwa;2;Littleaaron Dress Konichiwa Ebv Baju Dress Anak Perempuan Import;Rp107.000;0
konichiwa;2;Buku Traveling : Konichiwa Japan!;Rp123.000;0
konichiwa;2;Konichiwa Japan!;Rp31.900;0
konichiwa;2;BEDCOVER + SPREI SET KATUN PREMIUM BEVERLY HK KONICHIWA PINK;Rp365.000;0
konichiwa;2;Heybaby-Dress Konichiwa Ebv Baju Dress Anak Perempuan Import Dress;Rp992.000;0
konichiwa;2;FYN244- heybaby DRESS KONICHIWA EBV Baju Dress Anak Perempuan Import a;Rp925.000;0
konichiwa;2;Travelling Buku Buku tentang Travelling Jepang Japan Konichiwa Buku Je;Rp71.000;0
konichiwa;2;Happyoliver Dress Konichiwa Ebv Baju Dress Anak Perempuan Import Best;Rp979.000;0
konichiwa;2;Smiggle Ori A5 Pencil Case Konichiwa;Rp175.000;0
konichiwa;2;Bedcover Set Katun Lokal 120x200 100x200 90x200 Hello Kitty Konichiwa;Rp365.000;0
konichiwa;2;SPREI KONICHIWA;Rp140.000;2 terjual
konichiwa;2;Seprei Set Anti Geser Motif HK KONICHIWA UK 120X200-200X200;Rp120.000;0
konichiwa;2;Bedcover Set Katun Lokal 120x200 90x200 100x200 Hello Kitty Konichiwa;Rp365.000;0
konichiwa;2;Bedcover Set Beverly 100x200 120x200 90x200 Hello Kitty Konichiwa;Rp365.000;0
konichiwa;2;Sprei Anak Katun Lokal 120x200 100x200 90x200 Hello Kitty Konichiwa;Rp180.000;0
konichiwa;2;Sprei set katun Star HK konichiwa p uk 200|180|160|140|120|100|90;Rp125.000;0
konichiwa;2;Sprei Bedcover Katun Star HK konichiwa p uk 200|180|160|140|120|100|90;Rp360.000;0
konichiwa;2;Sprei set katun Star HK konichiwa r uk 200|180|160|140|120|100|90;Rp125.000;0
konichiwa;2;Sprei Anak Beverly 120x200 90x200 100x200 Hello Kitty Konichiwa;Rp112.500;0
konichiwa;2;pesanan khusus konichiwa bdg;Rp523.312;0
konichiwa;2;Konichiwa Salad Wrap;Rp78.000;0
konichiwa;2;DRESS KONICHIWA Baju Dress Anak Perempuan Dress anak bayi Perempuan;Rp110.752;0
konichiwa;2;[Dijual] Sakura / Konichiwa Bantal Panas Belt + Magnet Tipis;Rp198.000;0
konichiwa;2;Konichiwa Salad Bowl;Rp78.000;0
konichiwa;2;Buku Travelling / Konichiwa Japan! / Buku tentang Jepang / Buku Travel;Rp40.600;0
konichiwa;2;Sprei Set Katun Star HK konichiwa uk 200|180|160|140|120|100|90;Rp125.000;0
konichiwa;2;Sprei Bedcover Set Katun Star konichiwa p uk200|180|160|140|120|100|90;Rp355.000;0
konichiwa;2;Sprei Set Katun Star konichiwa p uk 200|180|160|140|120|100|90;Rp125.000;0
konichiwa;2;FER223- heybaby DRESS KONICHIWA EBV Baju Dress Anak Perempuan Import a;Rp932.000;0
konichiwa;2;Handskun Konichiwa Latex Free Powder;Rp45.000;2 terjual
konichiwa;2;SUNSHINE FRAME KACAMATA BULAT KONICHIWA TERMURAH SEINDONESIA;Rp307.000;0
konichiwa;2;BUKU MOTIVASI : KONICHIWA JAPAN!;Rp84.800;0
konichiwa;2;BUKU MOTIVASI : KONICHIWA JAPAN!;Rp99.000;0
konichiwa;2;Soraya Bedsheet Set Bedcover Single Katun Gold Motif Konichiwa;Rp793.000;0
konichiwa;2;FER223- HappyOliver DRESS KONICHIWA EBV Baju Dress Anak Perempuan Impo;Rp952.000;0
konichiwa;2;sprei & bedcover katun beverly collection motif HK konichiwa 2 warna ;Rp260.000;0
konichiwa;2;TERBUKTI Kemeja Katun Konichiwa BYR;Rp122.000;0
konichiwa;2;HappyOliver DRESS KONICHIWA EBV Baju Dress Anak Perempuan Import;Rp103.400;0
konichiwa;2;Konichiwa 65ml Parfum Dokyo J15 Pheromone 100 Original Jepang;Rp374.400;0
konichiwa;2;KAOS WANITA ATASAN WANITA DISTRO GREENLIGHT KAOS KONICHIWA GREENLIGHT;Rp64.900;0
konichiwa;2;Menarik Paket lensa minus - frame kacamata pria wanita konichiwa;Rp163.500;0
konichiwa;2;Menarik Paket lensa minus - frame kacamata pria wanita konichiwa;Rp163.500;0
konichiwa;2;BEDCOVER SET KATUN BEVERLY MOTIF HK KONICHIWA RED;Rp884.000;0
konichiwa;2;Soraya Bedsheet Set Bedcover Single Katun Gold Motif Konichiwa Murah;Rp793.000;0
konichiwa;2;SEPATU CORVALUE FOOTWEAR - Sepatu Sneakers Casual Konichiwa Full White;Rp210.000;0
konichiwa;2;Buku Traveling : Konichiwa Japan!;Rp81.900;0
konichiwa;2;Buku Traveling - Konichiwa Japan Travel Food Culture Life;Rp96.000;0
konichiwa;2;Baju Kodok Piteku Panjang seri konichiwa;Rp68.000;0
konichiwa;2;Baju kodok pendek Piteku konichiwa;Rp57.000;0
konichiwa;2;Buku Travelling : KONICHIWA JAPAN! - Buku tentang Jepang;Rp81.900;0
konichiwa;2;Sepatu Corvalue Footwear - Sneakers Kasual Pria Wanita Konichiwa Fulwh;Rp361.000;0
konichiwa;2;K‚úâ4X DRESS ANAK KONICHIWA EBV BAJU DRESS ANAK PEREMPUAN T L„äöR6;Rp146.000;0
konichiwa;2;DRESS KONICHIWA Baju Dress Anak Perempuan Import;Rp85.900;0
konichiwa;2;Buku Traveling : Konichiwa Japan! : Buku Tentang Jepang;Rp84.800;0
konichiwa;2;DRESS ANAK KONICHIWA EBV Baju Dress Anak Perempuan Import;Rp114.400;2 terjual
konichiwa;3;DRESS ANAK KONICHIWA EBV Baju Dress Anak Perempuan Import - Grey, M;Rp114.400;2 terjual
konichiwa;3;Little Fresco - Kaos Anak Tee Sushi Favorite Khaki - size 3;Rp63.600;0
konichiwa;3;T-Shirt Karakter Korean Cute / Kaos Distro Anak - Koya, S ( 1-2 Thn );Rp37.500;0
konichiwa;3;seventeen topokki;Rp50.000;0
konichiwa;3;POP IT JUMBO XL BUTTERFLY / popit tiktok viral kado;Rp79.000;40+ terjual
konichiwa;3;- BUKU REFERENSI : Konichiwa Japan!;Rp66.100;0
konichiwa;3;PROMO SANDAL KONICHIWA BERKUALITAS;Rp272.500;0
konichiwa;3;HappyOliver DRESS KONICHIWA EBV Baju Dress Anak Perempuan Import ü§û;Rp80.000;0
konichiwa;3;"Frame kacamata baca minus plus
Konichiwa";Rp90.000;0
konichiwa;3;BEDCOVER + SPREI SET KATUN PREMIUM BEVERLY HK KONICHIWA RED;Rp365.000;0
konichiwa;3;POP IT JUMBO XXXL RAINBOW BIG BOW / popit tiktok pita viral hadiah;Rp139.000;3 terjual
konichiwa;3;HappyOliver DRESS KONICHIWA EBV Baju Dress Anak Perempuan Import;Rp108.000;0
konichiwa;3;ASLI BUKU MOTIVASI : KONICHIWA JAPAN! READY STOCK;Rp90.000;0
konichiwa;3;SPREI SET KATUN PREMIUM BEVERLY HK KONICHIWA PINK;Rp120.000;0
konichiwa;3;Buku Motivasi : Konichiwa Japan!;Rp95.000;0
konichiwa;3;Sprei Katun Lokal Motif HK Konichiwa By Bahan Katun Beverly,Sprei;Rp342.000;0
konichiwa;3;BEDCOVER + SPREI SET KATUN PREMIUM BEVERLY HK KONICHIWA PINK;Rp365.000;0
konichiwa;3;Frame kacamata minus bulat konichiwa + lensa antiradiasi;Rp99.000;0
konichiwa;3;Konichiwa Japan!;Rp41.000;0
konichiwa;3;heybaby DRESS KONICHIWA EBV Baju Dress Anak Perempuan Import Dress;Rp86.000;0
konichiwa;3;Produk Terbatas Happyoliver Dress Konichiwa Ebv Baju Dress Anak;Rp992.000;0
konichiwa;3;Hoodie anak perempuan motif kawai lucu cute konichiwa jaket cewek;Rp26.000;0
konichiwa;3;Heybaby Dress Konichiwa Ebv Baju Dress Anak Perempuan Import Dress;Rp100.018;0
konichiwa;3;Promo / Buku Sejarah / Buku Travelling / Buku Jepang : Konichiwa;Rp90.000;0
konichiwa;3;heybaby DRESS KONICHIWA EBV Baju Dress Anak Perempuan Import Dress;Rp1.010.000;0
konichiwa;3;Terbaru Heybaby Dress Konichiwa Ebv Baju Dress Anak Perempuan Import;Rp1.193.000;0
konichiwa;3;Buku Traveling : Konichiwa Japan!;Rp90.000;0
konichiwa;3;- terlaris // heybaby-dress konichiwa ebv baju dress anak perempuan;Rp121.000;0
konichiwa;3;PROMO' Buku Travelling / Konichiwa Japan! / Buku tentang Jepang /;Rp41.000;0
konichiwa;3;Buku Travelling / Konichiwa Japan! / Buku Tentang Jepang / Buku;Rp121.000;0
konichiwa;3;BUKU MOTIVASI : KONICHIWA JAPAN!;Rp100.000;0
konichiwa;3;Buku Konichiwa Japan! (Cklik Media - 2020);Rp58.000;0
konichiwa;3;Handskun / Konichiwa / Powder / Uk L;Rp50.000;0
konichiwa;3;Sprei Konichiwa;Rp517.000;0
konichiwa;3;Baju Kodok Pendek Konichiwa;Rp113.000;0
konichiwa;3;Kemeja Katun Konichiwa;Rp142.000;0
konichiwa;3;Sprei Set Katun Lokal Homemade Motif HK Konichiwa;Rp115.000;0
konichiwa;3;Setelan anak Konichiwa Ryucho;Rp95.000;0
konichiwa;3;Handskun Latex / Konichiwa / Free Powder / Uk S;Rp45.000;0
konichiwa;3;HappyOliver DRESS KONICHIWA EBV Baju Dress Anak Perempuan Import;Rp149.000;0
konichiwa;3;Handuk Mandi Konichiwa Corak;Rp39.000;0
konichiwa;3;Smiggle Konichiwa Eraser Set Penghapus Cantik Lucu Karakter Jepang;Rp50.000;0
konichiwa;3;Handskun / Konichiwa / Powder / Uk M;Rp50.000;0
konichiwa;3;Sprei Katun Lokal Motif HK Konichiwa By Bahan Katun Beverly,Sprei;Rp322.000;0
konichiwa;3;I‚û∏EC DRESS ANAK KONICHIWA EBV BAJU DRESS ANAK PEREMPUAN T K‚úâ49;Rp195.000;0
konichiwa;3;Handskun / Konichiwa / Powder / Uk S;Rp50.000;0
konichiwa;3;promo Buku Traveling : Konichiwa Japan! : Buku Tentang Jepang ready;Rp74.000;0
konichiwa;3;BUKU TRAVELLING / KONICHIWA JAPAN! / BUKU TENTANG JEPANG / BUKU;Rp72.000;0
konichiwa;3;Buku Travelling / Konichiwa Japan! / Buku tentang Jepang / Buku;Rp71.000;0
konichiwa;3;Handskun Latex / Konichiwa / Free Powder / Uk. L;Rp45.000;0
konichiwa;3;- terlaris- heybaby-dress konichiwa ebv baju dress anak perempuan;Rp118.000;0
konichiwa;3;Glove Merk Konichiwa Non Powder;Rp52.000;0
konichiwa;3;Sprei Anak Motif Konichiwa By Katun Star,Seprei Katun Lokal;Rp181.000;0
konichiwa;3;mochi kacang konichiwa;Rp20.000;0
konichiwa;3;dress anak perempuan KONICHIWA baju anak perempuan pakaian anak IMPORT;Rp90.150;0
konichiwa;3;baju anak perempuan import DRESS KONICHIWA;Rp83.500;0
konichiwa;3;Konichiwa Latex Non Steril Powder Free size M;Rp48.000;0
konichiwa;3;DRESS ANAK KONICHIWA EBV Baju Dress Anak Perempuan Import;Rp114.400;0
konichiwa;3;Kemeja Blouse Konichiwa Korea Wanita Kantor;Rp104.599;0
konichiwa;3;Ritter Sport Konichiwa;Rp132.000;0
konichiwa;3;Dress Konichiwa Ebv Baju Dress Anak Perempuan Import Dress Anak;Rp93.000;0
konichiwa;3;Konichiwa Eraser set;Rp80.000;0
konichiwa;3;SARUNG TANGAN KONICHIWA LPF;Rp35.000;0
konichiwa;3;SARUNG TANGAN KONICHIWA LPS;Rp30.000;0
